/*
Navicat MySQL Data Transfer

Source Server         : 112.126.85.175
Source Server Version : 50717
Source Host           : 112.126.85.175:3306
Source Database       : life

Target Server Type    : MYSQL
Target Server Version : 50717
File Encoding         : 65001

Date: 2018-02-02 17:14:53
*/

SET FOREIGN_KEY_CHECKS=0;

-- ----------------------------
-- Table structure for memos
-- ----------------------------
DROP TABLE IF EXISTS `memos`;
CREATE TABLE `memos` (
  `id` varchar(255) NOT NULL COMMENT '编号',
  `userCode` varchar(25) DEFAULT NULL COMMENT '用户编号',
  `subject` varchar(255) DEFAULT NULL COMMENT '备忘主题',
  `content` varchar(500) DEFAULT NULL COMMENT '备忘内容',
  `emailNo` varchar(50) DEFAULT NULL COMMENT '邮箱地址',
  `phoneNo` varchar(11) DEFAULT NULL COMMENT '手机号码',
  `sendTime` varchar(50) DEFAULT NULL COMMENT '发送时间',
  `createTime` varchar(50) DEFAULT NULL COMMENT '创建时间',
  `updateTime` varchar(50) DEFAULT NULL COMMENT '修改时间',
  `executeResult` varchar(50) DEFAULT NULL COMMENT '执行结果',
  PRIMARY KEY (`id`)
) ENGINE=InnoDB DEFAULT CHARSET=utf8;

-- ----------------------------
-- Records of memos
-- ----------------------------

-- ----------------------------
-- Table structure for pc_files
-- ----------------------------
DROP TABLE IF EXISTS `pc_files`;
CREATE TABLE `pc_files` (
  `id` varchar(30) NOT NULL COMMENT '文件id',
  `file_originalFilename` varchar(255) DEFAULT NULL COMMENT '文件名称',
  `file_name` varchar(150) DEFAULT NULL COMMENT '文件别名',
  `file_type` varchar(100) DEFAULT NULL COMMENT '文件后缀',
  `file_path` varchar(255) DEFAULT NULL COMMENT '文件上传的路径',
  `file_url` varchar(255) DEFAULT NULL COMMENT '文件的访问url',
  `file_size` varchar(30) DEFAULT NULL COMMENT '文件大小',
  `upload_time` varchar(50) DEFAULT NULL COMMENT '上传时间',
  `upload_user` varchar(25) DEFAULT NULL COMMENT '上传用户',
  `sort_no` varchar(30) DEFAULT NULL COMMENT '排序号',
  `content_type` varchar(25) DEFAULT NULL COMMENT '文件类型',
  `isShare` varchar(255) DEFAULT '0' COMMENT '是否分享',
  `purpose` varchar(4) DEFAULT NULL COMMENT '用途',
  PRIMARY KEY (`id`)
) ENGINE=InnoDB DEFAULT CHARSET=utf8;

-- ----------------------------
-- Records of pc_files
-- ----------------------------
INSERT INTO `pc_files` VALUES ('1000000033702434', 'Zedd and Jon Bellion - Beautiful Now.mp3', 'Zedd,Jon Bellion - Beautiful Now', 'mp3', 'D:/life_files/87BA0B35084F286F/mp3/Zedd and Jon Bellion - Beautiful Now.mp3', 'http://www.liaoxianjun.com/file/download?id=1000000033702434', '8.57', '2018-01-15 22:52:13', '87BA0B35084F286F', '4', 'audio/mp3', null,1);
INSERT INTO `pc_files` VALUES ('1000000191185868', 'Hans Zimmer - Organ Variation.mp3', 'Hans Zimmer - Organ Variation', 'mp3', 'D:/life_files/87BA0B35084F286F/mp3/Hans Zimmer - Organ Variation.mp3', 'http://www.liaoxianjun.com/file/download?id=1000000191185868', '11.30', '2018-01-15 23:38:57', '87BA0B35084F286F', '10', 'audio/mp3', null,1);
INSERT INTO `pc_files` VALUES ('1000000295083762', 'Asher Book - Here With You.mp4', 'Asher Book - Here With You', 'mp4', 'D:/life_files/87BA0B35084F286F/mp4/Asher Book - Here With You.mp4', 'http://www.liaoxianjun.com/file/download?id=1000000295083762', '36.89', '2018-01-15 23:10:27', '87BA0B35084F286F', '10', 'video/mp4', null,1);
INSERT INTO `pc_files` VALUES ('1000000295938440', 'Delacey - Dream It Possible.mp3', 'Delacey - Dream It Possible', 'mp3', 'D:/life_files/87BA0B35084F286F/mp3/Delacey - Dream It Possible.mp3', 'http://www.liaoxianjun.com/file/download?id=1000000295938440', '7.84', '2018-01-15 22:51:47', '87BA0B35084F286F', '3', 'audio/mp3', null,1);
INSERT INTO `pc_files` VALUES ('1000000404618134', 'Michael Learns To Rock - Take Me To Your Heart.mp4', 'Michael Learns To Rock - Take Me To Your Heart', 'mp4', 'D:/life_files/87BA0B35084F286F/mp4/Michael Learns To Rock - Take Me To Your Heart.mp4', 'http://www.liaoxianjun.com/file/download?id=1000000404618134', '44.23', '2018-01-15 23:24:41', '87BA0B35084F286F', '10', 'video/mp4', null,1);
INSERT INTO `pc_files` VALUES ('1000000540805867', '罗文 and 甄妮 - 铁血丹心.mp4', '罗文,甄妮 - 铁血丹心', 'mp4', 'D:/life_files/87BA0B35084F286F/mp4/罗文 and 甄妮 - 铁血丹心.mp4', 'http://www.liaoxianjun.com/file/download?id=1000000540805867', '26.31', '2018-01-15 23:25:13', '87BA0B35084F286F', '10', 'video/mp4', null,1);
INSERT INTO `pc_files` VALUES ('1000000724972627', 'Colbie Caillat - Try.mp4', 'Colbie Caillat - Try', 'mp4', 'D:/life_files/87BA0B35084F286F/mp4/Colbie Caillat - Try.mp4', 'http://www.liaoxianjun.com/file/download?id=1000000724972627', '65.59', '2018-01-15 23:09:19', '87BA0B35084F286F', '10', 'video/mp4', null,1);
INSERT INTO `pc_files` VALUES ('1000000898745641', '李志辉 - 水墨兰亭.mp3', '李志辉 - 水墨兰亭', 'mp3', 'D:/life_files/87BA0B35084F286F/mp3/李志辉 - 水墨兰亭.mp3', 'http://www.liaoxianjun.com/file/download?id=1000000898745641', '12.89', '2018-01-15 23:32:13', '87BA0B35084F286F', '10', 'audio/mp3', null,1);
INSERT INTO `pc_files` VALUES ('1000000956728627', 'Jan A.P. Kaczmarek - Japan.mp3', 'Jan A.P. Kaczmarek - Japan', 'mp3', 'D:/life_files/87BA0B35084F286F/mp3/Jan A.P. Kaczmarek - Japan.mp3', 'http://www.liaoxianjun.com/file/download?id=1000000956728627', '8.40', '2018-01-15 23:29:25', '87BA0B35084F286F', '10', 'audio/mp3', null,1);
INSERT INTO `pc_files` VALUES ('1000000993695554', 'Amit Trivedi - Main Kaun Hoon.mp3', 'Amit Trivedi - Main Kaun Hoon', 'mp3', 'D:/life_files/87BA0B35084F286F/mp3/Amit Trivedi - Main Kaun Hoon.mp3', 'http://www.liaoxianjun.com/file/download?id=1000000993695554', '8.77', '2018-01-20 17:02:15', '87BA0B35084F286F', '10', 'audio/mp3', null,1);
INSERT INTO `pc_files` VALUES ('1000001173668719', '天山 - 故郷物语2.mp3', '天山 - 故郷物语2', 'mp3', 'D:/life_files/87BA0B35084F286F/mp3/天山 - 故郷物语2.mp3', 'http://www.liaoxianjun.com/file/download?id=1000001173668719', '8.42', '2018-01-15 23:34:45', '87BA0B35084F286F', '10', 'audio/mp3', null,1);
INSERT INTO `pc_files` VALUES ('1000001256145867', 'Coldplay - Yellow.mp4', 'Coldplay - Yellow', 'mp4', 'D:/life_files/87BA0B35084F286F/mp4/Coldplay - Yellow.mp4', 'http://www.liaoxianjun.com/file/download?id=1000001256145867', '37.97', '2018-01-15 23:18:03', '87BA0B35084F286F', '10', 'video/mp4', null,1);
INSERT INTO `pc_files` VALUES ('1000001300426707', 'Greyson Chance - Summer Train(live in manila).mp4', 'Greyson Chance - Summer Train(live in manila)', 'mp4', 'D:/life_files/87BA0B35084F286F/mp4/Greyson Chance - Summer Train(live in manila).mp4', 'http://www.liaoxianjun.com/file/download?id=1000001300426707', '33.64', '2018-01-15 23:23:50', '87BA0B35084F286F', '10', 'video/mp4', null,1);
INSERT INTO `pc_files` VALUES ('1000001351430621', 'Linkin Park - Lost In The Echo (Album Version).mp4', 'Linkin Park - Lost In The Echo (Album Version)', 'mp4', 'D:/life_files/87BA0B35084F286F/mp4/Linkin Park - Lost In The Echo (Album Version).mp4', 'http://www.liaoxianjun.com/file/download?id=1000001351430621', '102.72', '2018-01-15 23:03:33', '87BA0B35084F286F', '8', 'video/mp4', null,1);
INSERT INTO `pc_files` VALUES ('1000001492231003', 'Capo Productions - Inspire.mp3', 'Capo Productions - Inspire', 'mp3', 'D:/life_files/87BA0B35084F286F/mp3/Capo Productions - Inspire.mp3', 'http://www.liaoxianjun.com/file/download?id=1000001492231003', '8.39', '2018-01-15 23:28:57', '87BA0B35084F286F', '10', 'audio/mp3', null,1);
INSERT INTO `pc_files` VALUES ('1000001500573099', 'Nightwish - Storytime.mp4', 'Nightwish - Storytime', 'mp4', 'D:/life_files/87BA0B35084F286F/mp4/Nightwish - Storytime.mp4', 'http://www.liaoxianjun.com/file/download?id=1000001500573099', '125.11', '2018-01-15 23:28:15', '87BA0B35084F286F', '10', 'video/mp4', null,1);
INSERT INTO `pc_files` VALUES ('1000001552532469', '李志辉 - 水墨兰亭（现场版）.mp4', '李志辉 - 水墨兰亭（现场版）', 'mp4', 'D:/life_files/87BA0B35084F286F/mp4/李志辉 - 水墨兰亭（现场版）.mp4', 'http://www.liaoxianjun.com/file/download?id=1000001552532469', '148.20', '2018-01-15 22:57:24', '87BA0B35084F286F', '6', 'video/mp4', null,1);
INSERT INTO `pc_files` VALUES ('1000001675292091', '赵雷 - 吉姆餐厅.mp3', '赵雷 - 吉姆餐厅', 'mp3', 'D:/life_files/87BA0B35084F286F/mp3/赵雷 - 吉姆餐厅.mp3', 'http://www.liaoxianjun.com/file/download?id=1000001675292091', '13.76', '2018-01-15 23:31:07', '87BA0B35084F286F', '10', 'audio/mp3', null,1);
INSERT INTO `pc_files` VALUES ('1000001698801223', 'Бамбинтон - Зая.mp4', 'Бамбинтон - Зая', 'mp4', 'D:/life_files/87BA0B35084F286F/mp4/Бамбинтон - Зая.mp4', 'http://www.liaoxianjun.com/file/download?id=1000001698801223', '66.54', '2018-01-15 22:51:21', '87BA0B35084F286F', '2', 'video/mp4', null,1);
INSERT INTO `pc_files` VALUES ('1000001713457252', 'The Wanted - Glad You Came.mp4', 'The Wanted - Glad You Came', 'mp4', 'D:/life_files/87BA0B35084F286F/mp4/The Wanted - Glad You Came.mp4', 'http://www.liaoxianjun.com/file/download?id=1000001713457252', '48.37', '2018-01-15 23:04:33', '87BA0B35084F286F', '9', 'video/mp4', null,1);
INSERT INTO `pc_files` VALUES ('1000001774894621', 'DJ Maxwell - It\'s Ok.mp3', 'DJ Maxwell - It\'s Ok', 'mp3', 'D:/life_files/87BA0B35084F286F/mp3/DJ Maxwell - It\'s Ok.mp3', 'http://www.liaoxianjun.com/file/download?id=1000001774894621', '7.62', '2018-01-16 22:35:18', '87BA0B35084F286F', '10', 'audio/mp3', null,1);
INSERT INTO `pc_files` VALUES ('1000001848764138', 'Ludovico Einaudi - 最美土耳其宣传片（Watchtower of Turkey）.mp4', 'Ludovico Einaudi - 最美土耳其宣传片（Watchtower of Turkey）', 'mp4', 'D:/life_files/87BA0B35084F286F/mp4/Ludovico Einaudi - 最美土耳其宣传片（Watchtower of Turkey）.mp4', 'http://www.liaoxianjun.com/file/download?id=1000001848764138', '54.02', '2018-01-15 22:53:45', '87BA0B35084F286F', '5', 'video/mp4', null,1);
INSERT INTO `pc_files` VALUES ('1000001878758064', 'Adrian Von Ziegler - The Sylvans Path.mp3', 'Adrian Von Ziegler - The Sylvans Path', 'mp3', 'D:/life_files/87BA0B35084F286F/mp3/Adrian Von Ziegler - The Sylvans Path.mp3', 'http://www.liaoxianjun.com/file/download?id=1000001878758064', '12.65', '2018-01-16 19:47:27', '87BA0B35084F286F', '10', 'audio/mp3', null,1);
INSERT INTO `pc_files` VALUES ('1000001910583662', 'Delacey - Dream It Possible.mp4', 'Delacey - Dream It Possible', 'mp4', 'D:/life_files/87BA0B35084F286F/mp4/Delacey - Dream It Possible.mp4', 'http://www.liaoxianjun.com/file/download?id=1000001910583662', '59.40', '2018-01-15 23:00:55', '87BA0B35084F286F', '7', 'video/mp4', null,1);
INSERT INTO `pc_files` VALUES ('1000001919803449', '罗文 and 甄妮 - 铁血丹心.mp3', '罗文,甄妮 - 铁血丹心', 'mp3', 'D:/life_files/87BA0B35084F286F/mp3/罗文 and 甄妮 - 铁血丹心.mp3', 'http://www.liaoxianjun.com/file/download?id=1000001919803449', '6.71', '2018-01-15 23:32:39', '87BA0B35084F286F', '10', 'audio/mp3', null,1);
INSERT INTO `pc_files` VALUES ('1000001932221568', 'Zedd and Jon Bellion - Beautiful Now.mp4', 'Zedd,Jon Bellion - Beautiful Now', 'mp4', 'D:/life_files/87BA0B35084F286F/mp4/Zedd and Jon Bellion - Beautiful Now.mp4', 'http://www.liaoxianjun.com/file/download?id=1000001932221568', '75.75', '2018-01-15 22:47:00', '87BA0B35084F286F', '1', 'video/mp4', null,1);
INSERT INTO `pc_files` VALUES ('1000002054695196', 'Lenka - Trouble Is A Friend.mp4', 'Lenka - Trouble Is A Friend', 'mp4', 'D:/life_files/87BA0B35084F286F/mp4/Lenka - Trouble Is A Friend.mp4', 'http://www.liaoxianjun.com/file/download?id=1000002054695196', '21.60', '2018-01-15 23:22:20', '87BA0B35084F286F', '10', 'video/mp4', null,1);

-- ----------------------------
-- Table structure for pc_tree
-- ----------------------------
DROP TABLE IF EXISTS `pc_tree`;
CREATE TABLE `pc_tree` (
  `id` varchar(20) NOT NULL,
  `text` varchar(55) DEFAULT NULL,
  `iconCls` varchar(20) DEFAULT NULL,
  `checked` varchar(20) DEFAULT NULL,
  `state` varchar(20) DEFAULT NULL,
  `attributes` varchar(255) DEFAULT NULL,
  `pid` varchar(20) DEFAULT NULL,
  `createTime` datetime DEFAULT NULL,
  `updateTime` datetime DEFAULT NULL,
  `userCode` varchar(25) DEFAULT NULL,
  `url` varchar(255) DEFAULT NULL,
  `readMode` varchar(20) DEFAULT NULL,
  `sortNo` varchar(20) DEFAULT '',
  `status` varchar(5) DEFAULT NULL COMMENT '状态',
  `level` varchar(5) DEFAULT NULL COMMENT '级别 1 一级菜单  2 二级菜单 3 三级菜单',
  `isShare` varchar(5) DEFAULT '0' COMMENT '是否参与分享',
  PRIMARY KEY (`id`)
) ENGINE=InnoDB DEFAULT CHARSET=utf8;

-- ----------------------------
-- Records of pc_tree
-- ----------------------------
INSERT INTO `pc_tree` VALUES ('1', 'RSS订阅', 'life-1', 'false', 'colsed', null, '0', '2017-12-18 09:53:16', '2018-01-12 16:31:10', '87BA0B35084F286F', '', 'web', '3', '0', '1', '');
INSERT INTO `pc_tree` VALUES ('10', '小众软件', 'tree-life3', 'false', 'colsed', null, '8', '2017-12-19 15:42:20', null, '87BA0B35084F286F', 'http://feeds.appinn.com/appinns/', 'rss', '', '0', '3', '');
INSERT INTO `pc_tree` VALUES ('1000000036321178', '阿里图标库', 'tree-listen', null, null, null, '1000001294436696', '2018-01-31 11:27:32', '2018-01-31 11:28:03', '87BA0B35084F286F', 'http://www.iconfont.cn/', 'newWindow', '10', '0', '2', '0');
INSERT INTO `pc_tree` VALUES ('1000000076839148', '我的菜单', 'tree-listen', null, null, null, '1000000717806718', '2018-01-29 22:55:08', null, 'BbD/XCT2IKY=', 'http://localhost/life/myMeun', 'web', '0', '0', '2', '0');
INSERT INTO `pc_tree` VALUES ('1000000099760648', '我的收藏', 'life-1', null, null, null, '0', '2018-01-29 19:19:15', null, '6I0m6Tszd00=', null, null, '0', '0', '1', '0');
INSERT INTO `pc_tree` VALUES ('1000000188757371', '微博首页', 'tree-life3', null, null, null, '1000001518858092', '2018-01-06 23:54:43', '2018-01-11 20:53:20', '87BA0B35084F286F', 'https://weibo.com/u/5195393443/home?topnav=1&wvr=6', 'newWindow', '8', '0', '3', '');
INSERT INTO `pc_tree` VALUES ('1000000199697883', '英语词汇学', 'tree-listen', null, null, null, '1000000512685547', '2018-01-04 21:05:32', null, '87BA0B35084F286F', 'http://p.sunlands.com/player-war/pt_uc/newLive/gotoJoinReplay.action?userId=2371707&teachUnitId=234719&encryptStr=7f9304c87155330f7db922163157d810&timeMillis=1515071106477&mobile=15889303913', 'web', '1', '0', '2', '');
INSERT INTO `pc_tree` VALUES ('1000000312865061', '星痕OB解说', 'tree-life3', null, null, null, '21', '2018-01-04 23:48:30', null, '87BA0B35084F286F', 'http://www.huya.com/xinghen', 'web', '6', '0', '3', '');
INSERT INTO `pc_tree` VALUES ('1000000326077673', '熊猫TV', 'tree-listen', null, null, null, '20', '2018-01-04 23:54:08', null, '87BA0B35084F286F', 'http://www.panda.tv/', 'newWindow', '10', '0', '2', '');
INSERT INTO `pc_tree` VALUES ('1000000512685547', '尚德机构', 'life-1', null, null, null, '0', '2018-01-04 20:57:12', '2018-01-12 16:27:28', '87BA0B35084F286F', '', 'web', '7', '0', '1', '');
INSERT INTO `pc_tree` VALUES ('1000000552059974', '我的菜单', 'tree-listen', null, null, null, '1000001492553518', '2018-01-29 21:59:56', null, 'tr1C9PoIFz2nL3bzPVhjgA==', 'http://www.liaoxianjun.com/myMeun', 'web', '0', '0', '2', '0');
INSERT INTO `pc_tree` VALUES ('1000000558713726', 'av', 'life-1', null, null, null, '0', '2018-01-16 20:47:44', null, 'ub8zvxM/zl4=', null, null, '1', '0', '1', '');
INSERT INTO `pc_tree` VALUES ('1000000717806718', '我的收藏', 'life-1', null, null, null, '0', '2018-01-29 22:55:08', null, 'BbD/XCT2IKY=', null, null, '0', '0', '1', '0');
INSERT INTO `pc_tree` VALUES ('1000000719528094', 'layui', 'tree-listen', null, null, null, '1000001294436696', '2018-01-28 14:17:53', null, '87BA0B35084F286F', 'http://www.layui.com/doc/modules/layer.html', 'web', '10', '0', '2', '1');
INSERT INTO `pc_tree` VALUES ('1000000755565966', '我的收藏', 'life-1', null, null, null, '0', '2018-01-29 19:07:27', null, 'cd+IVUypC4M=', null, null, '0', '0', '1', '0');
INSERT INTO `pc_tree` VALUES ('1000000837339151', '英雄联盟德玛西亚杯', 'tree-life3', null, null, null, '1000000326077673', '2018-01-07 13:59:18', null, '87BA0B35084F286F', 'https://www.panda.tv/demacia?pdt=1.23.a1-6.0.49sdln5ockj', 'newWindow', '9', '0', '3', '');
INSERT INTO `pc_tree` VALUES ('1000000861300511', '《斑马斑马》 - 文远', 'tree-life3', null, null, null, '1000001684919437', '2018-01-10 21:17:21', null, '87BA0B35084F286F', 'http://player.youku.com/embed/XODM1MDk4NzEy', 'web', '10', '0', '3', '');
INSERT INTO `pc_tree` VALUES ('1000000898007849', '贝爷影厅', 'tree-life3', null, null, null, '1000001977314702', '2018-01-20 00:16:34', '2018-01-20 00:17:12', '87BA0B35084F286F', 'https://www.douyu.com/kpc', 'newWindow', '10', '0', '3', '');
INSERT INTO `pc_tree` VALUES ('1000000918346410', 'a', 'tree-listen', null, null, null, '1000000558713726', '2018-01-16 20:48:07', '2018-01-16 20:48:20', 'ub8zvxM/zl4=', 'https://www.pornhub.com/view_video.php?viewkey=149201381', 'newWindow', '1', '0', '2', '');
INSERT INTO `pc_tree` VALUES ('1000000926718745', '我的收藏', 'life-1', null, null, null, '0', '2018-01-29 19:25:45', null, 'cd+IVUypC4M=', null, null, '0', '0', '1', '0');
INSERT INTO `pc_tree` VALUES ('1000000944419401', '我的菜单', 'tree-listen', null, null, null, '1000000099760648', '2018-01-29 19:19:16', null, '6I0m6Tszd00=', 'http://127.0.0.1/life/myMeun', null, '0', '0', '2', '0');
INSERT INTO `pc_tree` VALUES ('1000000957678170', '我的收藏', 'life-1', null, null, null, '0', '2018-01-29 19:03:24', null, 'cMpCOVRe/0Xoe+50VYB76A==', null, null, '0', '0', '1', '0');
INSERT INTO `pc_tree` VALUES ('1000001107911616', '我的菜单', 'tree-listen', null, null, null, '1000001719177497', '2018-01-29 22:12:38', null, '3/yhbxtoIn0=', 'http://localhost/life/myMeun', 'web', '0', '0', '2', '0');
INSERT INTO `pc_tree` VALUES ('1000001132024288', '首页', 'tree-listen', null, null, null, '1000001623785960', '2018-01-29 19:11:55', null, 'G0GDoAtSgy4=', 'http://www.liaoxianjun.com/homePage', null, '0', '0', '2', '0');
INSERT INTO `pc_tree` VALUES ('1000001134961640', '百度', 'tree-listen', null, null, null, '1000001281958847', '2018-01-29 18:43:33', '2018-01-29 18:44:18', 'ja80RQJpkK8=', 'http://www.baidu.com', 'web', '0', '0', '2', '1');
INSERT INTO `pc_tree` VALUES ('1000001137027948', '我的菜单', 'tree-listen', null, null, null, '1000001517314483', '2018-01-29 19:29:10', null, 'ja80RQJpkK8=', 'http://127.0.0.1/life/myMeun', 'web', '0', '0', '2', '0');
INSERT INTO `pc_tree` VALUES ('1000001237615968', '马克思基本原理', 'tree-listen', null, null, null, '1000000512685547', '2018-01-04 22:04:09', null, '87BA0B35084F286F', '', '', '9', '0', '2', '');
INSERT INTO `pc_tree` VALUES ('1000001254061793', '我的收藏', 'life-1', null, null, null, '0', '2018-01-29 19:04:31', null, 'hbOI6T+YwrM=', null, null, '0', '0', '1', '0');
INSERT INTO `pc_tree` VALUES ('1000001281958847', '我的收藏', 'life-1', null, null, null, '0', '2018-01-29 18:43:33', null, 'ja80RQJpkK8=', null, null, '0', '0', '1', '0');
INSERT INTO `pc_tree` VALUES ('1000001286079721', 'jeasyui', 'tree-listen', null, null, null, '1000001294436696', '2018-01-28 14:38:00', null, '87BA0B35084F286F', 'http://www.jeasyui.net/demo/380.html', 'web', '10', '0', '2', '1');
INSERT INTO `pc_tree` VALUES ('1000001294436696', '其他网站', 'life-1', null, null, null, '0', '2018-01-25 15:23:00', null, '87BA0B35084F286F', null, null, '9', '0', '1', '1');
INSERT INTO `pc_tree` VALUES ('1000001308625950', '京东', 'tree-listen', null, null, null, '1000001408341036', '2018-01-11 21:53:32', '2018-01-25 11:16:03', '87BA0B35084F286F', 'https://www.jd.com', 'web', '10', '0', '2', '');
INSERT INTO `pc_tree` VALUES ('1000001354002768', '我的菜单', 'tree-listen', null, null, null, '1000002006695786', '2018-01-29 23:36:40', null, 'EaBMh3fy8to=', 'http://localhost/life/myMeun', 'web', '0', '0', '2', '0');
INSERT INTO `pc_tree` VALUES ('1000001380739371', '陈一发', 'tree-life3', null, null, null, '1000001977314702', '2018-01-20 00:19:16', null, '87BA0B35084F286F', 'https://www.douyu.com/chenyifaer', 'newWindow', '10', '0', '3', '');
INSERT INTO `pc_tree` VALUES ('1000001408341036', '网上购物', 'life-1', null, null, null, '0', '2018-01-11 21:52:55', '2018-01-12 16:30:53', '87BA0B35084F286F', '', 'web', '8', '0', '1', '');
INSERT INTO `pc_tree` VALUES ('1000001465233791', '剑伤', 'tree-life3', null, null, null, '1000001684919437', '2018-01-10 21:13:03', '2018-01-12 17:57:48', '87BA0B35084F286F', 'http://player.youku.com/embed/XNzUwMzE4MzQ4', 'web', '10', '0', '3', '');
INSERT INTO `pc_tree` VALUES ('1000001492553518', '我的收藏', 'life-1', null, null, null, '0', '2018-01-29 21:59:56', null, 'tr1C9PoIFz2nL3bzPVhjgA==', null, null, '0', '0', '1', '0');
INSERT INTO `pc_tree` VALUES ('1000001517314483', '我的收藏', 'life-1', null, null, null, '0', '2018-01-29 19:29:10', null, 'ja80RQJpkK8=', null, null, '0', '0', '1', '0');
INSERT INTO `pc_tree` VALUES ('1000001518858092', '日常访问', 'tree-listen', null, null, null, '20', '2018-01-06 23:54:15', '2018-01-13 14:25:15', '87BA0B35084F286F', '', 'web', '10', '0', '2', '');
INSERT INTO `pc_tree` VALUES ('1000001557309573', '贾胜强《姐姐》', 'tree-life3', null, null, null, '1000001684919437', '2018-01-10 21:21:43', '2018-01-12 18:04:16', '87BA0B35084F286F', 'http://player.youku.com/embed/XNjM2NTI3NzQw', 'web', '10', '0', '3', '');
INSERT INTO `pc_tree` VALUES ('1000001575817022', '我的订单', 'tree-life3', null, null, null, '1000001308625950', '2018-01-11 21:54:18', '2018-01-25 11:15:09', '87BA0B35084F286F', 'https://order.jd.com/center/list.action', 'newWindow', '10', '0', '3', '');
INSERT INTO `pc_tree` VALUES ('1000001596602177', '我的收藏', 'life-1', null, null, null, '0', '2018-01-29 18:40:11', null, 'rVyLPTDCn+o=', null, null, '0', '0', '1', '0');
INSERT INTO `pc_tree` VALUES ('1000001599614134', '【s1134】经典 科幻', 'tree-life3', null, null, null, '1000001977314702', '2018-01-20 00:18:01', '2018-01-20 00:19:37', '87BA0B35084F286F', 'https://www.douyu.com/s1134', 'newWindow', '10', '0', '3', '');
INSERT INTO `pc_tree` VALUES ('1000001623785960', '我的收藏', 'life-1', null, null, null, '0', '2018-01-29 19:11:55', null, 'G0GDoAtSgy4=', null, null, '0', '0', '1', '0');
INSERT INTO `pc_tree` VALUES ('1000001627682475', 'RNG小虎', 'tree-life3', null, null, null, '1000000326077673', '2018-01-04 23:55:53', '2018-01-21 13:01:44', '87BA0B35084F286F', 'http://www.panda.tv/453122', 'newWindow', '7', '0', '3', '');
INSERT INTO `pc_tree` VALUES ('1000001658263750', '百度', 'tree-listen', null, null, null, '1000000957678170', '2018-01-29 19:03:24', '2018-01-29 19:03:53', 'cMpCOVRe/0Xoe+50VYB76A==', 'https://www.baidu.com', 'web', '0', '0', '2', '1');
INSERT INTO `pc_tree` VALUES ('1000001668319030', '第一口语网', 'tree-life3', null, null, null, '1000000578766993', '2018-01-03 17:43:24', null, '87BA0B35084F286F', 'http://www.1speaking.com/', 'web', '4', '0', '2', '');
INSERT INTO `pc_tree` VALUES ('1000001684236907', '我的菜单', 'tree-listen', null, null, null, '1000000926718745', '2018-01-29 19:25:45', null, 'cd+IVUypC4M=', 'http://127.0.0.1/life/myMeun', null, '0', '0', '2', '0');
INSERT INTO `pc_tree` VALUES ('1000001684919437', '我的弹唱', 'tree-listen', null, null, null, '20', '2018-01-10 21:12:27', '2018-01-12 18:04:27', '87BA0B35084F286F', 'http://www.youku.com/', 'web', '10', '0', '2', '');
INSERT INTO `pc_tree` VALUES ('1000001692244789', '知乎', 'tree-life3', null, null, null, '1000001518858092', '2018-01-13 14:25:42', '2018-01-19 23:48:57', '87BA0B35084F286F', 'https://www.zhihu.com/explore', 'newWindow', '10', '0', '3', '');
INSERT INTO `pc_tree` VALUES ('1000001719177497', '我的收藏', 'life-1', null, null, null, '0', '2018-01-29 22:12:38', null, '3/yhbxtoIn0=', null, null, '0', '0', '1', '0');
INSERT INTO `pc_tree` VALUES ('1000001731380669', '4AM孤存', 'tree-life3', null, null, null, '21', '2018-01-12 21:56:51', null, '87BA0B35084F286F', 'https://www.huya.com/gucun', 'web', '10', '0', '3', '');
INSERT INTO `pc_tree` VALUES ('1000001735463592', '百度', 'tree-listen', null, null, null, '1000001254061793', '2018-01-29 19:04:32', '2018-01-29 19:06:45', 'hbOI6T+YwrM=', 'http://www.baidu.com', 'web', '0', '0', '2', '1');
INSERT INTO `pc_tree` VALUES ('1000001869911258', 'sy233', 'tree-life3', null, null, null, '21', '2018-01-21 19:26:54', null, '87BA0B35084F286F', 'http://www.huya.com/sy233', 'web', '10', '0', '3', '');
INSERT INTO `pc_tree` VALUES ('1000001911301075', '中国网建', 'tree-listen', null, null, null, '1000001294436696', '2018-01-25 15:23:28', null, '87BA0B35084F286F', 'http://www.smschinese.cn/', 'web', '10', '0', '2', '1');
INSERT INTO `pc_tree` VALUES ('1000001912484647', '拉风龙', 'tree-life3', null, null, null, '21', '2018-01-13 12:43:44', null, '87BA0B35084F286F', 'http://www.huya.com/lafeng', 'web', '10', '0', '3', '');
INSERT INTO `pc_tree` VALUES ('1000001977314702', '斗鱼TV', 'tree-listen', null, null, null, '20', '2018-01-20 00:09:12', '2018-01-23 10:31:59', '87BA0B35084F286F', 'https://www.douyu.com/', 'newWindow', '10', '0', '2', '');
INSERT INTO `pc_tree` VALUES ('1000002002609992', '中国近代史', 'tree-listen', null, null, null, '1000000512685547', '2018-01-04 21:43:55', null, '87BA0B35084F286F', 'http://p.sunlands.com/player-war/pt_uc/newLive/gotoJoinReplay.action?userId=2371707&teachUnitId=237254&encryptStr=6bd653d20a92a9588323f0db6b1a3a42&timeMillis=1515073394645&mobile=15889303913', 'web', '8', '0', '2', '');
INSERT INTO `pc_tree` VALUES ('1000002006695786', '我的收藏', 'life-1', null, null, null, '0', '2018-01-29 23:36:40', null, 'EaBMh3fy8to=', null, null, '0', '0', '1', '0');
INSERT INTO `pc_tree` VALUES ('11', '理想生活实验室', 'tree-life3', 'false', 'colsed', null, '8', '2017-12-19 15:47:54', null, '87BA0B35084F286F', 'http://www.toodaylab.com/feed', 'rss', '', '0', '3', '');
INSERT INTO `pc_tree` VALUES ('12', '优设', 'tree-life3', 'false', 'colsed', null, '8', '2017-12-19 16:00:16', null, '87BA0B35084F286F', 'http://www.uisdc.com/feed', 'rss', '', '0', '3', '');
INSERT INTO `pc_tree` VALUES ('13', '最近喜欢', 'tree-life3', 'false', 'colsed', null, '6', '2017-12-19 22:10:03', '2018-01-11 17:35:53', '87BA0B35084F286F', '//music.163.com/outchain/player?//music.163.com/outchain/player?type=0&id=2021729747&auto=0&height=430', 'web', '1', '0', '3', '');
INSERT INTO `pc_tree` VALUES ('14', '星际穿越电影原音', 'tree-life3', 'false', 'colsed', null, '6', '2017-12-19 23:12:35', null, '87BA0B35084F286F', '//music.163.com/outchain/player?type=0&id=85249812&auto=0&height=430', 'web', '2', '0', '3', '');
INSERT INTO `pc_tree` VALUES ('15', '近百首必听的英文歌', 'tree-life3', 'false', 'colsed', null, '7', '2017-12-19 23:24:09', null, '87BA0B35084F286F', 'http://t1.kugou.com/song.html?id=6XlcG7frCV2', 'web', '1', '0', '3', '');
INSERT INTO `pc_tree` VALUES ('16', '最爱经典粤语老歌', 'tree-life3', 'false', 'colsed', null, '7', '2017-12-20 00:22:30', null, '87BA0B35084F286F', 'http://t1.kugou.com/song.html?id=6Xjk011rCV2', 'web', '2', '0', '3', '');
INSERT INTO `pc_tree` VALUES ('17', '唯美纯音', 'tree-life3', null, null, null, '6', '2017-12-20 22:17:48', null, '87BA0B35084F286F', '//music.163.com/outchain/player?type=0&id=112875926&auto=0&height=430', 'web', '3', '0', '3', '');
INSERT INTO `pc_tree` VALUES ('18', '最美的纯音', 'tree-life3', null, null, null, '7', '2017-12-20 22:20:02', null, '87BA0B35084F286F', 'http://t3.kugou.com/7fcFV1brCV2', 'web', '3', '0', '3', '');
INSERT INTO `pc_tree` VALUES ('19', '我喜欢', 'tree-life3', null, null, null, '7', '2017-12-20 22:39:50', null, '87BA0B35084F286F', 'https://t.kugou.com/7fSgz95rCV2', 'web', '1', '0', '3', '');
INSERT INTO `pc_tree` VALUES ('20', '常用网站', 'life-1', null, null, null, '0', '2017-12-20 22:58:37', '2018-01-15 17:45:23', '87BA0B35084F286F', '', 'web', '2', '0', '1', '');
INSERT INTO `pc_tree` VALUES ('21', '虎牙TV', 'tree-listen', null, null, null, '20', '2017-12-20 22:59:14', '2018-01-23 10:32:20', '87BA0B35084F286F', 'https://www.huya.com/l?areafib=1', 'web', '1', '0', '2', '');
INSERT INTO `pc_tree` VALUES ('22', '董导丶董小飒', 'tree-life3', '', null, null, '21', '2017-12-20 23:00:27', null, '87BA0B35084F286F', 'https://www.huya.com/dongxiaosa', 'web', '', '0', '3', '');
INSERT INTO `pc_tree` VALUES ('23', 'UZI', 'tree-life3', null, null, null, '21', '2017-12-20 23:08:32', null, '87BA0B35084F286F', 'https://www.huya.com/uzi', 'web', '', '0', '3', '');
INSERT INTO `pc_tree` VALUES ('24', '4AMGodv', 'tree-life3', null, null, null, '21', '2017-12-21 21:04:58', null, '87BA0B35084F286F', 'https://www.huya.com/godv', 'web', '3', '0', '3', '');
INSERT INTO `pc_tree` VALUES ('25', 'Miss大小姐', 'tree-life3', null, null, null, '21', '2017-12-21 21:38:55', null, '87BA0B35084F286F', 'https://www.huya.com/miss', 'web', '4', '0', '3', '');
INSERT INTO `pc_tree` VALUES ('29', '全民TV', 'tree-listen', null, null, null, '20', '2017-12-21 21:46:33', null, '87BA0B35084F286F', 'https://www.quanmin.tv/game/all', 'web', '2', '0', '2', '');
INSERT INTO `pc_tree` VALUES ('30', '全民超人小智', 'tree-life3', null, null, null, '29', '2017-12-21 21:48:11', null, '87BA0B35084F286F', 'https://www.quanmin.tv/2333', 'web', '1', '0', '3', '');
INSERT INTO `pc_tree` VALUES ('31', '英雄联盟职业联赛', 'tree-life3', null, null, null, '29', '2017-12-21 21:48:57', null, '87BA0B35084F286F', 'https://www.quanmin.tv/44397', 'web', '2', '0', '3', '');
INSERT INTO `pc_tree` VALUES ('32', '解说小漠', 'tree-life3', null, null, null, '29', '2017-12-21 21:49:44', null, '87BA0B35084F286F', 'https://www.quanmin.tv/666', 'web', '3', '0', '3', '');
INSERT INTO `pc_tree` VALUES ('33', '陈翔六点半', 'tree-life3', null, null, null, '21', '2017-12-23 02:25:14', null, '87BA0B35084F286F', 'http://www.huya.com/1493559120', 'web', '5', '0', '3', '');
INSERT INTO `pc_tree` VALUES ('5', '歌单收藏', 'life-1', 'false', 'colsed', null, '0', '2017-12-19 11:22:50', '2018-01-18 18:03:33', '87BA0B35084F286F', '', 'web', '1', '0', '1', '');
INSERT INTO `pc_tree` VALUES ('6', '网易云', 'tree-listen', 'false', 'colsed', null, '5', '2017-12-19 14:09:42', '2018-01-11 17:34:58', '87BA0B35084F286F', '', '', '1', '0', '2', '');
INSERT INTO `pc_tree` VALUES ('7', '酷狗', 'tree-listen', 'false', 'colsed', null, '5', '2017-12-19 14:10:04', null, '87BA0B35084F286F', 'https://www.kugou.com/', 'web', '2', '0', '2', '');
INSERT INTO `pc_tree` VALUES ('8', '日常所需', 'tree-listen', 'false', 'colsed', null, '1', '2017-12-19 14:58:42', '2018-01-12 16:31:52', '87BA0B35084F286F', '', 'web', '2', '0', '2', '');

-- ----------------------------
-- Table structure for pc_user
-- ----------------------------
DROP TABLE IF EXISTS `pc_user`;
CREATE TABLE `pc_user` (
  `userCode` varchar(200) NOT NULL COMMENT '编号',
  `createTime` datetime DEFAULT NULL COMMENT '创建时间',
  `userRole` varchar(25) DEFAULT NULL COMMENT '用户角色',
  `updateTime` datetime DEFAULT NULL COMMENT '修改时间',
  `phoneNo` varchar(11) DEFAULT NULL COMMENT '手机号码',
  `emailAddress` varchar(20) DEFAULT NULL COMMENT '邮箱地址',
  `defaultPlayAddress` varchar(255) DEFAULT NULL COMMENT '默认播放地址',
  `selfIntroduction` varchar(255) DEFAULT NULL COMMENT '自我介绍',
  `headAddress` varchar(255) DEFAULT NULL COMMENT '头像地址',
  `userName` varchar(50) DEFAULT NULL COMMENT '用户名称',
  `password` varchar(50) DEFAULT NULL COMMENT '登陆密码',
  PRIMARY KEY (`userCode`)
) ENGINE=InnoDB DEFAULT CHARSET=utf8;

-- ----------------------------
-- Records of pc_user
-- ----------------------------
INSERT INTO `pc_user` VALUES ('3/yhbxtoIn0=', '2018-01-29 22:12:37', null, null, null, null, null, null, null, null,null);
INSERT INTO `pc_user` VALUES ('87BA0B35084F286F', '2017-12-12 10:29:11', '1', '2017-12-12 10:29:16', null, null, null, null, null, null,null);
INSERT INTO `pc_user` VALUES ('BbD/XCT2IKY=', '2018-01-29 22:55:08', null, null, null, null, null, null, null, null,null);
INSERT INTO `pc_user` VALUES ('cd+IVUypC4M=', '2018-01-29 19:25:44', null, null, null, null, null, null, null, null,null);
INSERT INTO `pc_user` VALUES ('EaBMh3fy8to=', '2018-01-29 23:36:40', null, null, null, null, null, null, null, null,null);
INSERT INTO `pc_user` VALUES ('ja80RQJpkK8=', '2018-01-29 19:29:09', null, null, null, null, null, null, null, null,null);
INSERT INTO `pc_user` VALUES ('tr1C9PoIFz2nL3bzPVhjgA==', '2018-01-29 21:59:56', null, null, null, null, null, null, null, null,null);
INSERT INTO `pc_user` VALUES ('XZHMhKj96D0=', '2018-01-29 19:28:13', null, null, null, null, null, null, null, null,null);

-- ----------------------------
-- Table structure for wx_login_info
-- ----------------------------
DROP TABLE IF EXISTS `wx_login_info`;
CREATE TABLE `wx_login_info` (
  `signature` varchar(255) NOT NULL COMMENT '微信唯一码',
  `nickName` varchar(50) DEFAULT NULL COMMENT '微信昵称',
  `loginResult` varchar(25) DEFAULT NULL COMMENT '登陆结果',
  `loginTime` datetime DEFAULT NULL COMMENT '登陆时间',
  `loginAddress` varchar(50) DEFAULT NULL COMMENT '登陆地址',
  `loginMessages` varchar(255) DEFAULT NULL COMMENT '登陆信息',
  `brand` varchar(20) DEFAULT NULL COMMENT '登陆时所用手机品牌',
  `model` varchar(20) DEFAULT NULL COMMENT '登陆时所用手机型号',
  `version` varchar(20) DEFAULT NULL COMMENT '微信版本',
  `language` varchar(25) DEFAULT NULL COMMENT '微信设置的语言',
  `system` varchar(25) DEFAULT NULL COMMENT '操作系统版本号',
  `avatarurl` varchar(255) DEFAULT NULL COMMENT '登陆时的微信头像',
  `scene` varchar(6) DEFAULT NULL COMMENT '场景值'
) ENGINE=InnoDB DEFAULT CHARSET=utf8;

-- ----------------------------
-- Records of wx_login_info
-- ----------------------------
INSERT INTO `wx_login_info` VALUES ('02aed42e821de3e2abbbf02be1a7d2e9b8e274c1', '文远', '200', '2018-01-19 14:50:44', '22.566972732543945,114.06476593017578', '保存登录信息成功', 'iPhone', 'iPhone 6s<iPhone8,1>', '6.6.0', 'zh_CN', 'iOS 11.0.3', 'https://wx.qlogo.cn/mmopen/vi_32/Q0j4TwGTfTJkuKWqx9v9fsgR0mfQRqgvuKyK2IejxPmo8cbMTSQFZyibibqxxKvME8cvnPk5UdQqpQRDoKLnBgTQ/0', null);
INSERT INTO `wx_login_info` VALUES ('54f47d38dbf030758cbc93a6890957ac39f39c31', '老林', '200', '2018-01-19 14:51:18', '22.566986083984375,114.06453704833984', '保存登录信息成功', 'iPhone', 'iPhone 6<iPhone7,2>', '6.6.1', 'zh_CN', 'iOS 11.2.2', 'https://wx.qlogo.cn/mmopen/vi_32/5MPdIDKOAiackJEHWH6ZG9hnpqibHzZR9JxgjKrBRrmtMWcHtcH1DflErpoV42kib2HXrYicNS3IaCTIoJjnrf0fZg/0', null);
INSERT INTO `wx_login_info` VALUES ('175a724e1f428efe81068949ec01bd2339ed270a', '西门吹牛', '200', '2018-01-19 14:51:59', '22.5672,114.0649', '保存登录信息成功', 'HUAWEI', 'HUAWEI MLA-AL10', '6.6.1', 'zh_CN', 'Android 7.0', 'https://wx.qlogo.cn/mmopen/vi_32/weUHcAcLGMofuJem100Set4tL3icISNjsJUJasPXtiatvkn8CS6Nqeia4oN7PMZD0DspuHjZdkFjGqZkzOnqCn3xA/0', null);
INSERT INTO `wx_login_info` VALUES ('175a724e1f428efe81068949ec01bd2339ed270a', '西门吹牛', '200', '2018-01-19 14:53:01', '22.567192,114.0649', '保存登录信息成功', 'HUAWEI', 'HUAWEI MLA-AL10', '6.6.1', 'zh_CN', 'Android 7.0', 'https://wx.qlogo.cn/mmopen/vi_32/weUHcAcLGMofuJem100Set4tL3icISNjsJUJasPXtiatvkn8CS6Nqeia4oN7PMZD0DspuHjZdkFjGqZkzOnqCn3xA/0', null);
INSERT INTO `wx_login_info` VALUES ('02aed42e821de3e2abbbf02be1a7d2e9b8e274c1', '文远', '200', '2018-01-19 14:53:58', '22.5670223236084,114.06438446044922', '保存登录信息成功', 'iPhone', 'iPhone 6s<iPhone8,1>', '6.6.0', 'zh_CN', 'iOS 11.0.3', 'https://wx.qlogo.cn/mmopen/vi_32/Q0j4TwGTfTJkuKWqx9v9fsgR0mfQRqgvuKyK2IejxPmo8cbMTSQFZyibibqxxKvME8cvnPk5UdQqpQRDoKLnBgTQ/0', null);
INSERT INTO `wx_login_info` VALUES ('02aed42e821de3e2abbbf02be1a7d2e9b8e274c1', '文远', '200', '2018-01-19 14:54:52', '22.52291,114.05454', '保存登录信息成功', 'devtools', 'iPhone 6', '6.5.6', 'zh_CN', 'iOS 10.0.1', 'https://wx.qlogo.cn/mmopen/vi_32/Q0j4TwGTfTJkuKWqx9v9fsgR0mfQRqgvuKyK2IejxPmo8cbMTSQFZyibibqxxKvME8cvnPk5UdQqpQRDoKLnBgTQ/0', null);
INSERT INTO `wx_login_info` VALUES ('02aed42e821de3e2abbbf02be1a7d2e9b8e274c1', '文远', '200', '2018-01-19 14:55:49', '22.52291,114.05454', '保存登录信息成功', 'devtools', 'iPhone 6', '6.5.6', 'zh_CN', 'iOS 10.0.1', 'https://wx.qlogo.cn/mmopen/vi_32/Q0j4TwGTfTJkuKWqx9v9fsgR0mfQRqgvuKyK2IejxPmo8cbMTSQFZyibibqxxKvME8cvnPk5UdQqpQRDoKLnBgTQ/0', null);
INSERT INTO `wx_login_info` VALUES ('02aed42e821de3e2abbbf02be1a7d2e9b8e274c1', '文远', '200', '2018-01-19 14:57:15', '22.52291,114.05454', '保存登录信息成功', 'devtools', 'iPhone 6', '6.5.6', 'zh_CN', 'iOS 10.0.1', 'https://wx.qlogo.cn/mmopen/vi_32/Q0j4TwGTfTJkuKWqx9v9fsgR0mfQRqgvuKyK2IejxPmo8cbMTSQFZyibibqxxKvME8cvnPk5UdQqpQRDoKLnBgTQ/0', null);
INSERT INTO `wx_login_info` VALUES ('02aed42e821de3e2abbbf02be1a7d2e9b8e274c1', '文远', '200', '2018-01-19 14:57:41', '22.52291,114.05454', '保存登录信息成功', 'devtools', 'iPhone 6', '6.5.6', 'zh_CN', 'iOS 10.0.1', 'https://wx.qlogo.cn/mmopen/vi_32/Q0j4TwGTfTJkuKWqx9v9fsgR0mfQRqgvuKyK2IejxPmo8cbMTSQFZyibibqxxKvME8cvnPk5UdQqpQRDoKLnBgTQ/0', null);
INSERT INTO `wx_login_info` VALUES ('02aed42e821de3e2abbbf02be1a7d2e9b8e274c1', '文远', '200', '2018-01-19 15:00:26', '22.52291,114.05454', '保存登录信息成功', 'devtools', 'iPhone 6', '6.5.6', 'zh_CN', 'iOS 10.0.1', 'https://wx.qlogo.cn/mmopen/vi_32/Q0j4TwGTfTJkuKWqx9v9fsgR0mfQRqgvuKyK2IejxPmo8cbMTSQFZyibibqxxKvME8cvnPk5UdQqpQRDoKLnBgTQ/0', null);
INSERT INTO `wx_login_info` VALUES ('02aed42e821de3e2abbbf02be1a7d2e9b8e274c1', '文远', '200', '2018-01-19 15:00:45', '22.52291,114.05454', '保存登录信息成功', 'devtools', 'iPhone 6', '6.5.6', 'zh_CN', 'iOS 10.0.1', 'https://wx.qlogo.cn/mmopen/vi_32/Q0j4TwGTfTJkuKWqx9v9fsgR0mfQRqgvuKyK2IejxPmo8cbMTSQFZyibibqxxKvME8cvnPk5UdQqpQRDoKLnBgTQ/0', null);
INSERT INTO `wx_login_info` VALUES ('02aed42e821de3e2abbbf02be1a7d2e9b8e274c1', '文远', '200', '2018-01-19 15:08:33', '114.05454,22.52291', '保存登录信息成功', 'devtools', 'iPhone 6', '6.5.6', 'zh_CN', 'iOS 10.0.1', 'https://wx.qlogo.cn/mmopen/vi_32/Q0j4TwGTfTJkuKWqx9v9fsgR0mfQRqgvuKyK2IejxPmo8cbMTSQFZyibibqxxKvME8cvnPk5UdQqpQRDoKLnBgTQ/0', null);
INSERT INTO `wx_login_info` VALUES ('02aed42e821de3e2abbbf02be1a7d2e9b8e274c1', '文远', '200', '2018-01-19 15:20:58', '114.05454,22.52291', '保存登录信息成功', 'devtools', 'iPhone 6', '6.5.6', 'zh_CN', 'iOS 10.0.1', 'https://wx.qlogo.cn/mmopen/vi_32/Q0j4TwGTfTJkuKWqx9v9fsgR0mfQRqgvuKyK2IejxPmo8cbMTSQFZyibibqxxKvME8cvnPk5UdQqpQRDoKLnBgTQ/0', null);
INSERT INTO `wx_login_info` VALUES ('02aed42e821de3e2abbbf02be1a7d2e9b8e274c1', '文远', '200', '2018-01-19 15:21:41', '114.05454,22.52291', '保存登录信息成功', 'devtools', 'iPhone 6', '6.5.6', 'zh_CN', 'iOS 10.0.1', 'https://wx.qlogo.cn/mmopen/vi_32/Q0j4TwGTfTJkuKWqx9v9fsgR0mfQRqgvuKyK2IejxPmo8cbMTSQFZyibibqxxKvME8cvnPk5UdQqpQRDoKLnBgTQ/0', null);
INSERT INTO `wx_login_info` VALUES ('02aed42e821de3e2abbbf02be1a7d2e9b8e274c1', '文远', '200', '2018-01-19 15:29:11', '114.05454,22.52291', '保存登录信息成功', 'devtools', 'iPhone 6', '6.5.6', 'zh_CN', 'iOS 10.0.1', 'https://wx.qlogo.cn/mmopen/vi_32/Q0j4TwGTfTJkuKWqx9v9fsgR0mfQRqgvuKyK2IejxPmo8cbMTSQFZyibibqxxKvME8cvnPk5UdQqpQRDoKLnBgTQ/0', null);
INSERT INTO `wx_login_info` VALUES ('02aed42e821de3e2abbbf02be1a7d2e9b8e274c1', '文远', '200', '2018-01-19 15:31:15', '114.05454,22.52291', '保存登录信息成功', 'devtools', 'iPhone 6', '6.5.6', 'zh_CN', 'iOS 10.0.1', 'https://wx.qlogo.cn/mmopen/vi_32/Q0j4TwGTfTJkuKWqx9v9fsgR0mfQRqgvuKyK2IejxPmo8cbMTSQFZyibibqxxKvME8cvnPk5UdQqpQRDoKLnBgTQ/0', null);
INSERT INTO `wx_login_info` VALUES ('02aed42e821de3e2abbbf02be1a7d2e9b8e274c1', '文远', '200', '2018-01-19 15:33:09', '114.05454,22.52291', '保存登录信息成功', 'devtools', 'iPhone 6', '6.5.6', 'zh_CN', 'iOS 10.0.1', 'https://wx.qlogo.cn/mmopen/vi_32/Q0j4TwGTfTJkuKWqx9v9fsgR0mfQRqgvuKyK2IejxPmo8cbMTSQFZyibibqxxKvME8cvnPk5UdQqpQRDoKLnBgTQ/0', null);
INSERT INTO `wx_login_info` VALUES ('02aed42e821de3e2abbbf02be1a7d2e9b8e274c1', '文远', '200', '2018-01-19 15:34:12', '114.05454,22.52291', '保存登录信息成功', 'devtools', 'iPhone 7', '6.5.6', 'zh_CN', 'iOS 10.0.1', 'https://wx.qlogo.cn/mmopen/vi_32/Q0j4TwGTfTJkuKWqx9v9fsgR0mfQRqgvuKyK2IejxPmo8cbMTSQFZyibibqxxKvME8cvnPk5UdQqpQRDoKLnBgTQ/0', null);
INSERT INTO `wx_login_info` VALUES ('02aed42e821de3e2abbbf02be1a7d2e9b8e274c1', '文远', '200', '2018-01-19 15:36:33', '114.05454,22.52291', '保存登录信息成功', 'devtools', 'iPhone 7', '6.5.6', 'zh_CN', 'iOS 10.0.1', 'https://wx.qlogo.cn/mmopen/vi_32/Q0j4TwGTfTJkuKWqx9v9fsgR0mfQRqgvuKyK2IejxPmo8cbMTSQFZyibibqxxKvME8cvnPk5UdQqpQRDoKLnBgTQ/0', null);
INSERT INTO `wx_login_info` VALUES ('02aed42e821de3e2abbbf02be1a7d2e9b8e274c1', '文远', '200', '2018-01-19 15:38:40', '114.05454,22.52291', '保存登录信息成功', 'devtools', 'iPhone 7', '6.5.6', 'zh_CN', 'iOS 10.0.1', 'https://wx.qlogo.cn/mmopen/vi_32/Q0j4TwGTfTJkuKWqx9v9fsgR0mfQRqgvuKyK2IejxPmo8cbMTSQFZyibibqxxKvME8cvnPk5UdQqpQRDoKLnBgTQ/0', null);
INSERT INTO `wx_login_info` VALUES ('02aed42e821de3e2abbbf02be1a7d2e9b8e274c1', '文远', '200', '2018-01-19 15:38:57', '114.05454,22.52291', '保存登录信息成功', 'devtools', 'iPhone 7', '6.5.6', 'zh_CN', 'iOS 10.0.1', 'https://wx.qlogo.cn/mmopen/vi_32/Q0j4TwGTfTJkuKWqx9v9fsgR0mfQRqgvuKyK2IejxPmo8cbMTSQFZyibibqxxKvME8cvnPk5UdQqpQRDoKLnBgTQ/0', null);
INSERT INTO `wx_login_info` VALUES ('02aed42e821de3e2abbbf02be1a7d2e9b8e274c1', '文远', '200', '2018-01-19 15:40:06', '114.05454,22.52291', '保存登录信息成功', 'devtools', 'iPhone 7', '6.5.6', 'zh_CN', 'iOS 10.0.1', 'https://wx.qlogo.cn/mmopen/vi_32/Q0j4TwGTfTJkuKWqx9v9fsgR0mfQRqgvuKyK2IejxPmo8cbMTSQFZyibibqxxKvME8cvnPk5UdQqpQRDoKLnBgTQ/0', null);
INSERT INTO `wx_login_info` VALUES ('02aed42e821de3e2abbbf02be1a7d2e9b8e274c1', '文远', '200', '2018-01-19 15:40:23', '114.05454,22.52291', '保存登录信息成功', 'devtools', 'iPhone 7', '6.5.6', 'zh_CN', 'iOS 10.0.1', 'https://wx.qlogo.cn/mmopen/vi_32/Q0j4TwGTfTJkuKWqx9v9fsgR0mfQRqgvuKyK2IejxPmo8cbMTSQFZyibibqxxKvME8cvnPk5UdQqpQRDoKLnBgTQ/0', null);
INSERT INTO `wx_login_info` VALUES ('2476bb5f541b30333418a53005d35a6086d21bd1', 'A.MS小玉¹⁵⁷¹⁰⁴⁶¹⁹⁰¹', '200', '2018-01-19 15:40:56', '22.98765,113.94625', '保存登录信息成功', 'OPPO', 'OPPO R11 Plus', '6.6.1', 'zh_CN', 'Android 7.1.1', 'https://wx.qlogo.cn/mmopen/vi_32/ouuic4cavauL3Bd0dejcj3khkF7kQ4BFh2jfXaMPueT5TFm4aD8bibr3lgbaJto2lev1Oj43DwtkueYffaUXyrpQ/0', null);
INSERT INTO `wx_login_info` VALUES ('2476bb5f541b30333418a53005d35a6086d21bd1', 'A.MS小玉¹⁵⁷¹⁰⁴⁶¹⁹⁰¹', '200', '2018-01-19 15:40:57', '22.987638,113.946465', '保存登录信息成功', 'OPPO', 'OPPO R11 Plus', '6.6.1', 'zh_CN', 'Android 7.1.1', 'https://wx.qlogo.cn/mmopen/vi_32/ouuic4cavauL3Bd0dejcj3khkF7kQ4BFh2jfXaMPueT5TFm4aD8bibr3lgbaJto2lev1Oj43DwtkueYffaUXyrpQ/0', null);
INSERT INTO `wx_login_info` VALUES ('02aed42e821de3e2abbbf02be1a7d2e9b8e274c1', '文远', '200', '2018-01-19 15:41:05', '114.05454,22.52291', '保存登录信息成功', 'devtools', 'iPhone 7', '6.5.6', 'zh_CN', 'iOS 10.0.1', 'https://wx.qlogo.cn/mmopen/vi_32/Q0j4TwGTfTJkuKWqx9v9fsgR0mfQRqgvuKyK2IejxPmo8cbMTSQFZyibibqxxKvME8cvnPk5UdQqpQRDoKLnBgTQ/0', null);
INSERT INTO `wx_login_info` VALUES ('02aed42e821de3e2abbbf02be1a7d2e9b8e274c1', '文远', '200', '2018-01-19 15:41:18', '114.05454,22.52291', '保存登录信息成功', 'devtools', 'iPhone 7', '6.5.6', 'zh_CN', 'iOS 10.0.1', 'https://wx.qlogo.cn/mmopen/vi_32/Q0j4TwGTfTJkuKWqx9v9fsgR0mfQRqgvuKyK2IejxPmo8cbMTSQFZyibibqxxKvME8cvnPk5UdQqpQRDoKLnBgTQ/0', null);
INSERT INTO `wx_login_info` VALUES ('02aed42e821de3e2abbbf02be1a7d2e9b8e274c1', '文远', '200', '2018-01-19 15:42:04', '114.05454,22.52291', '保存登录信息成功', 'devtools', 'iPhone 7', '6.5.6', 'zh_CN', 'iOS 10.0.1', 'https://wx.qlogo.cn/mmopen/vi_32/Q0j4TwGTfTJkuKWqx9v9fsgR0mfQRqgvuKyK2IejxPmo8cbMTSQFZyibibqxxKvME8cvnPk5UdQqpQRDoKLnBgTQ/0', null);
INSERT INTO `wx_login_info` VALUES ('02aed42e821de3e2abbbf02be1a7d2e9b8e274c1', '文远', '200', '2018-01-19 15:42:12', '114.05454,22.52291', '保存登录信息成功', 'devtools', 'iPhone 7', '6.5.6', 'zh_CN', 'iOS 10.0.1', 'https://wx.qlogo.cn/mmopen/vi_32/Q0j4TwGTfTJkuKWqx9v9fsgR0mfQRqgvuKyK2IejxPmo8cbMTSQFZyibibqxxKvME8cvnPk5UdQqpQRDoKLnBgTQ/0', null);
INSERT INTO `wx_login_info` VALUES ('02aed42e821de3e2abbbf02be1a7d2e9b8e274c1', '文远', '200', '2018-01-19 16:06:20', '广东省深圳市福田区福强路3029号', '保存登录信息成功', 'devtools', 'iPhone 7', '6.5.6', 'zh_CN', 'iOS 10.0.1', 'https://wx.qlogo.cn/mmopen/vi_32/Q0j4TwGTfTJkuKWqx9v9fsgR0mfQRqgvuKyK2IejxPmo8cbMTSQFZyibibqxxKvME8cvnPk5UdQqpQRDoKLnBgTQ/0', '1001');
INSERT INTO `wx_login_info` VALUES ('02aed42e821de3e2abbbf02be1a7d2e9b8e274c1', '文远', '200', '2018-01-19 16:06:43', '', '保存登录信息成功', 'iPhone', 'iPhone 6s<iPhone8,1>', '6.6.0', 'zh_CN', 'iOS 11.0.3', 'https://wx.qlogo.cn/mmopen/vi_32/Q0j4TwGTfTJkuKWqx9v9fsgR0mfQRqgvuKyK2IejxPmo8cbMTSQFZyibibqxxKvME8cvnPk5UdQqpQRDoKLnBgTQ/0', null);
INSERT INTO `wx_login_info` VALUES ('02aed42e821de3e2abbbf02be1a7d2e9b8e274c1', '文远', '200', '2018-01-19 16:07:14', '广东省深圳市福田区宏威路67', '保存登录信息成功', 'iPhone', 'iPhone 6s<iPhone8,1>', '6.6.0', 'zh_CN', 'iOS 11.0.3', 'https://wx.qlogo.cn/mmopen/vi_32/Q0j4TwGTfTJkuKWqx9v9fsgR0mfQRqgvuKyK2IejxPmo8cbMTSQFZyibibqxxKvME8cvnPk5UdQqpQRDoKLnBgTQ/0', '1001');
INSERT INTO `wx_login_info` VALUES ('02aed42e821de3e2abbbf02be1a7d2e9b8e274c1', '文远', '200', '2018-01-19 16:08:53', '广东省深圳市福田区福强路3029号', '保存登录信息成功', 'devtools', 'iPhone 7', '6.5.6', 'zh_CN', 'iOS 10.0.1', 'https://wx.qlogo.cn/mmopen/vi_32/Q0j4TwGTfTJkuKWqx9v9fsgR0mfQRqgvuKyK2IejxPmo8cbMTSQFZyibibqxxKvME8cvnPk5UdQqpQRDoKLnBgTQ/0', '1001');
INSERT INTO `wx_login_info` VALUES ('02aed42e821de3e2abbbf02be1a7d2e9b8e274c1', '文远', '200', '2018-01-19 16:09:21', '广东省深圳市福田区福强路3029号', '保存登录信息成功', 'devtools', 'iPhone 7', '6.5.6', 'zh_CN', 'iOS 10.0.1', 'https://wx.qlogo.cn/mmopen/vi_32/Q0j4TwGTfTJkuKWqx9v9fsgR0mfQRqgvuKyK2IejxPmo8cbMTSQFZyibibqxxKvME8cvnPk5UdQqpQRDoKLnBgTQ/0', '1001');
INSERT INTO `wx_login_info` VALUES ('02aed42e821de3e2abbbf02be1a7d2e9b8e274c1', '文远', '200', '2018-01-19 16:23:38', '广东省深圳市福田区福强路3029号', '保存登录信息成功', 'devtools', 'iPhone 7', '6.5.6', 'zh_CN', 'iOS 10.0.1', 'https://wx.qlogo.cn/mmopen/vi_32/Q0j4TwGTfTJkuKWqx9v9fsgR0mfQRqgvuKyK2IejxPmo8cbMTSQFZyibibqxxKvME8cvnPk5UdQqpQRDoKLnBgTQ/0', '1001');
INSERT INTO `wx_login_info` VALUES ('02aed42e821de3e2abbbf02be1a7d2e9b8e274c1', '文远', '200', '2018-01-19 16:23:55', '广东省深圳市福田区福强路3029号', '保存登录信息成功', 'devtools', 'iPhone 7', '6.5.6', 'zh_CN', 'iOS 10.0.1', 'https://wx.qlogo.cn/mmopen/vi_32/Q0j4TwGTfTJkuKWqx9v9fsgR0mfQRqgvuKyK2IejxPmo8cbMTSQFZyibibqxxKvME8cvnPk5UdQqpQRDoKLnBgTQ/0', '1001');
INSERT INTO `wx_login_info` VALUES ('02aed42e821de3e2abbbf02be1a7d2e9b8e274c1', '文远', '200', '2018-01-19 16:24:58', '广东省深圳市福田区福强路3029号', '保存登录信息成功', 'devtools', 'iPhone 7', '6.5.6', 'zh_CN', 'iOS 10.0.1', 'https://wx.qlogo.cn/mmopen/vi_32/Q0j4TwGTfTJkuKWqx9v9fsgR0mfQRqgvuKyK2IejxPmo8cbMTSQFZyibibqxxKvME8cvnPk5UdQqpQRDoKLnBgTQ/0', '1001');
INSERT INTO `wx_login_info` VALUES ('02aed42e821de3e2abbbf02be1a7d2e9b8e274c1', '文远', '200', '2018-01-19 16:25:05', '广东省深圳市福田区福强路3029号', '保存登录信息成功', 'devtools', 'iPhone 7', '6.5.6', 'zh_CN', 'iOS 10.0.1', 'https://wx.qlogo.cn/mmopen/vi_32/Q0j4TwGTfTJkuKWqx9v9fsgR0mfQRqgvuKyK2IejxPmo8cbMTSQFZyibibqxxKvME8cvnPk5UdQqpQRDoKLnBgTQ/0', '1001');
INSERT INTO `wx_login_info` VALUES ('02aed42e821de3e2abbbf02be1a7d2e9b8e274c1', '文远', '200', '2018-01-19 16:25:34', '广东省深圳市福田区福强路3029号', '保存登录信息成功', 'devtools', 'iPhone 7', '6.5.6', 'zh_CN', 'iOS 10.0.1', 'https://wx.qlogo.cn/mmopen/vi_32/Q0j4TwGTfTJkuKWqx9v9fsgR0mfQRqgvuKyK2IejxPmo8cbMTSQFZyibibqxxKvME8cvnPk5UdQqpQRDoKLnBgTQ/0', '1001');
INSERT INTO `wx_login_info` VALUES ('02aed42e821de3e2abbbf02be1a7d2e9b8e274c1', '文远', '200', '2018-01-19 16:25:44', '广东省深圳市福田区福强路3029号', '保存登录信息成功', 'devtools', 'iPhone 7', '6.5.6', 'zh_CN', 'iOS 10.0.1', 'https://wx.qlogo.cn/mmopen/vi_32/Q0j4TwGTfTJkuKWqx9v9fsgR0mfQRqgvuKyK2IejxPmo8cbMTSQFZyibibqxxKvME8cvnPk5UdQqpQRDoKLnBgTQ/0', '1001');
INSERT INTO `wx_login_info` VALUES ('02aed42e821de3e2abbbf02be1a7d2e9b8e274c1', '文远', '200', '2018-01-19 16:26:59', '广东省深圳市福田区福强路3029号', '保存登录信息成功', 'devtools', 'iPhone 7', '6.5.6', 'zh_CN', 'iOS 10.0.1', 'https://wx.qlogo.cn/mmopen/vi_32/Q0j4TwGTfTJkuKWqx9v9fsgR0mfQRqgvuKyK2IejxPmo8cbMTSQFZyibibqxxKvME8cvnPk5UdQqpQRDoKLnBgTQ/0', '1001');
INSERT INTO `wx_login_info` VALUES ('02aed42e821de3e2abbbf02be1a7d2e9b8e274c1', '文远', '200', '2018-01-19 16:27:04', '广东省深圳市福田区福强路3029号', '保存登录信息成功', 'devtools', 'iPhone 7', '6.5.6', 'zh_CN', 'iOS 10.0.1', 'https://wx.qlogo.cn/mmopen/vi_32/Q0j4TwGTfTJkuKWqx9v9fsgR0mfQRqgvuKyK2IejxPmo8cbMTSQFZyibibqxxKvME8cvnPk5UdQqpQRDoKLnBgTQ/0', '1001');
INSERT INTO `wx_login_info` VALUES ('02aed42e821de3e2abbbf02be1a7d2e9b8e274c1', '文远', '200', '2018-01-19 16:27:16', '广东省深圳市福田区福强路3029号', '保存登录信息成功', 'devtools', 'iPhone 7', '6.5.6', 'zh_CN', 'iOS 10.0.1', 'https://wx.qlogo.cn/mmopen/vi_32/Q0j4TwGTfTJkuKWqx9v9fsgR0mfQRqgvuKyK2IejxPmo8cbMTSQFZyibibqxxKvME8cvnPk5UdQqpQRDoKLnBgTQ/0', '1001');
INSERT INTO `wx_login_info` VALUES ('02aed42e821de3e2abbbf02be1a7d2e9b8e274c1', '文远', '200', '2018-01-19 16:27:27', '广东省深圳市福田区福强路3029号', '保存登录信息成功', 'devtools', 'iPhone 7', '6.5.6', 'zh_CN', 'iOS 10.0.1', 'https://wx.qlogo.cn/mmopen/vi_32/Q0j4TwGTfTJkuKWqx9v9fsgR0mfQRqgvuKyK2IejxPmo8cbMTSQFZyibibqxxKvME8cvnPk5UdQqpQRDoKLnBgTQ/0', '1001');
INSERT INTO `wx_login_info` VALUES ('02aed42e821de3e2abbbf02be1a7d2e9b8e274c1', '文远', '200', '2018-01-19 16:27:50', '广东省深圳市福田区福强路3029号', '保存登录信息成功', 'devtools', 'iPhone 7', '6.5.6', 'zh_CN', 'iOS 10.0.1', 'https://wx.qlogo.cn/mmopen/vi_32/Q0j4TwGTfTJkuKWqx9v9fsgR0mfQRqgvuKyK2IejxPmo8cbMTSQFZyibibqxxKvME8cvnPk5UdQqpQRDoKLnBgTQ/0', '1001');
INSERT INTO `wx_login_info` VALUES ('02aed42e821de3e2abbbf02be1a7d2e9b8e274c1', '文远', '200', '2018-01-19 16:28:10', '广东省深圳市福田区福强路3029号', '保存登录信息成功', 'devtools', 'iPhone 7', '6.5.6', 'zh_CN', 'iOS 10.0.1', 'https://wx.qlogo.cn/mmopen/vi_32/Q0j4TwGTfTJkuKWqx9v9fsgR0mfQRqgvuKyK2IejxPmo8cbMTSQFZyibibqxxKvME8cvnPk5UdQqpQRDoKLnBgTQ/0', '1001');
INSERT INTO `wx_login_info` VALUES ('02aed42e821de3e2abbbf02be1a7d2e9b8e274c1', '文远', '200', '2018-01-19 16:28:31', '广东省深圳市福田区福强路3029号', '保存登录信息成功', 'devtools', 'iPhone 7', '6.5.6', 'zh_CN', 'iOS 10.0.1', 'https://wx.qlogo.cn/mmopen/vi_32/Q0j4TwGTfTJkuKWqx9v9fsgR0mfQRqgvuKyK2IejxPmo8cbMTSQFZyibibqxxKvME8cvnPk5UdQqpQRDoKLnBgTQ/0', '1001');
INSERT INTO `wx_login_info` VALUES ('02aed42e821de3e2abbbf02be1a7d2e9b8e274c1', '文远', '200', '2018-01-19 16:29:21', '广东省深圳市福田区福强路3029号', '保存登录信息成功', 'devtools', 'iPhone 7', '6.5.6', 'zh_CN', 'iOS 10.0.1', 'https://wx.qlogo.cn/mmopen/vi_32/Q0j4TwGTfTJkuKWqx9v9fsgR0mfQRqgvuKyK2IejxPmo8cbMTSQFZyibibqxxKvME8cvnPk5UdQqpQRDoKLnBgTQ/0', '1001');
INSERT INTO `wx_login_info` VALUES ('02aed42e821de3e2abbbf02be1a7d2e9b8e274c1', '文远', '200', '2018-01-19 16:29:52', '广东省深圳市福田区福强路3029号', '保存登录信息成功', 'devtools', 'iPhone 7', '6.5.6', 'zh_CN', 'iOS 10.0.1', 'https://wx.qlogo.cn/mmopen/vi_32/Q0j4TwGTfTJkuKWqx9v9fsgR0mfQRqgvuKyK2IejxPmo8cbMTSQFZyibibqxxKvME8cvnPk5UdQqpQRDoKLnBgTQ/0', '1001');
INSERT INTO `wx_login_info` VALUES ('02aed42e821de3e2abbbf02be1a7d2e9b8e274c1', '文远', '200', '2018-01-19 16:30:02', '广东省深圳市福田区福强路3029号', '保存登录信息成功', 'devtools', 'iPhone 7', '6.5.6', 'zh_CN', 'iOS 10.0.1', 'https://wx.qlogo.cn/mmopen/vi_32/Q0j4TwGTfTJkuKWqx9v9fsgR0mfQRqgvuKyK2IejxPmo8cbMTSQFZyibibqxxKvME8cvnPk5UdQqpQRDoKLnBgTQ/0', '1001');
INSERT INTO `wx_login_info` VALUES ('02aed42e821de3e2abbbf02be1a7d2e9b8e274c1', '文远', '200', '2018-01-19 16:30:21', '广东省深圳市福田区福强路3029号', '保存登录信息成功', 'devtools', 'iPhone 7', '6.5.6', 'zh_CN', 'iOS 10.0.1', 'https://wx.qlogo.cn/mmopen/vi_32/Q0j4TwGTfTJkuKWqx9v9fsgR0mfQRqgvuKyK2IejxPmo8cbMTSQFZyibibqxxKvME8cvnPk5UdQqpQRDoKLnBgTQ/0', '1001');
INSERT INTO `wx_login_info` VALUES ('02aed42e821de3e2abbbf02be1a7d2e9b8e274c1', '文远', '200', '2018-01-19 16:30:44', '广东省深圳市福田区福强路3029号', '保存登录信息成功', 'devtools', 'iPhone 7', '6.5.6', 'zh_CN', 'iOS 10.0.1', 'https://wx.qlogo.cn/mmopen/vi_32/Q0j4TwGTfTJkuKWqx9v9fsgR0mfQRqgvuKyK2IejxPmo8cbMTSQFZyibibqxxKvME8cvnPk5UdQqpQRDoKLnBgTQ/0', '1001');
INSERT INTO `wx_login_info` VALUES ('02aed42e821de3e2abbbf02be1a7d2e9b8e274c1', '文远', '200', '2018-01-19 16:31:01', '广东省深圳市福田区福强路3029号', '保存登录信息成功', 'devtools', 'iPhone 7', '6.5.6', 'zh_CN', 'iOS 10.0.1', 'https://wx.qlogo.cn/mmopen/vi_32/Q0j4TwGTfTJkuKWqx9v9fsgR0mfQRqgvuKyK2IejxPmo8cbMTSQFZyibibqxxKvME8cvnPk5UdQqpQRDoKLnBgTQ/0', '1001');
INSERT INTO `wx_login_info` VALUES ('02aed42e821de3e2abbbf02be1a7d2e9b8e274c1', '文远', '200', '2018-01-19 16:31:10', '广东省深圳市福田区福强路3029号', '保存登录信息成功', 'devtools', 'iPhone 7', '6.5.6', 'zh_CN', 'iOS 10.0.1', 'https://wx.qlogo.cn/mmopen/vi_32/Q0j4TwGTfTJkuKWqx9v9fsgR0mfQRqgvuKyK2IejxPmo8cbMTSQFZyibibqxxKvME8cvnPk5UdQqpQRDoKLnBgTQ/0', '1001');
INSERT INTO `wx_login_info` VALUES ('02aed42e821de3e2abbbf02be1a7d2e9b8e274c1', '文远', '200', '2018-01-19 16:31:31', '广东省深圳市福田区福强路3029号', '保存登录信息成功', 'devtools', 'iPhone 7', '6.5.6', 'zh_CN', 'iOS 10.0.1', 'https://wx.qlogo.cn/mmopen/vi_32/Q0j4TwGTfTJkuKWqx9v9fsgR0mfQRqgvuKyK2IejxPmo8cbMTSQFZyibibqxxKvME8cvnPk5UdQqpQRDoKLnBgTQ/0', '1001');
INSERT INTO `wx_login_info` VALUES ('02aed42e821de3e2abbbf02be1a7d2e9b8e274c1', '文远', '200', '2018-01-19 16:32:07', '广东省深圳市福田区福强路3029号', '保存登录信息成功', 'devtools', 'iPhone 7', '6.5.6', 'zh_CN', 'iOS 10.0.1', 'https://wx.qlogo.cn/mmopen/vi_32/Q0j4TwGTfTJkuKWqx9v9fsgR0mfQRqgvuKyK2IejxPmo8cbMTSQFZyibibqxxKvME8cvnPk5UdQqpQRDoKLnBgTQ/0', '1001');
INSERT INTO `wx_login_info` VALUES ('02aed42e821de3e2abbbf02be1a7d2e9b8e274c1', '文远', '200', '2018-01-19 16:33:33', '广东省深圳市福田区福强路3029号', '保存登录信息成功', 'devtools', 'iPhone 7', '6.5.6', 'zh_CN', 'iOS 10.0.1', 'https://wx.qlogo.cn/mmopen/vi_32/Q0j4TwGTfTJkuKWqx9v9fsgR0mfQRqgvuKyK2IejxPmo8cbMTSQFZyibibqxxKvME8cvnPk5UdQqpQRDoKLnBgTQ/0', '1001');
INSERT INTO `wx_login_info` VALUES ('02aed42e821de3e2abbbf02be1a7d2e9b8e274c1', '文远', '200', '2018-01-19 16:33:44', '广东省深圳市福田区福强路3029号', '保存登录信息成功', 'devtools', 'iPhone 7', '6.5.6', 'zh_CN', 'iOS 10.0.1', 'https://wx.qlogo.cn/mmopen/vi_32/Q0j4TwGTfTJkuKWqx9v9fsgR0mfQRqgvuKyK2IejxPmo8cbMTSQFZyibibqxxKvME8cvnPk5UdQqpQRDoKLnBgTQ/0', '1001');
INSERT INTO `wx_login_info` VALUES ('02aed42e821de3e2abbbf02be1a7d2e9b8e274c1', '文远', '200', '2018-01-19 16:34:02', '广东省深圳市福田区福强路3029号', '保存登录信息成功', 'devtools', 'iPhone 7', '6.5.6', 'zh_CN', 'iOS 10.0.1', 'https://wx.qlogo.cn/mmopen/vi_32/Q0j4TwGTfTJkuKWqx9v9fsgR0mfQRqgvuKyK2IejxPmo8cbMTSQFZyibibqxxKvME8cvnPk5UdQqpQRDoKLnBgTQ/0', '1001');
INSERT INTO `wx_login_info` VALUES ('02aed42e821de3e2abbbf02be1a7d2e9b8e274c1', '文远', '200', '2018-01-19 16:35:11', '广东省深圳市福田区福强路3029号', '保存登录信息成功', 'devtools', 'iPhone 7', '6.5.6', 'zh_CN', 'iOS 10.0.1', 'https://wx.qlogo.cn/mmopen/vi_32/Q0j4TwGTfTJkuKWqx9v9fsgR0mfQRqgvuKyK2IejxPmo8cbMTSQFZyibibqxxKvME8cvnPk5UdQqpQRDoKLnBgTQ/0', '1001');
INSERT INTO `wx_login_info` VALUES ('02aed42e821de3e2abbbf02be1a7d2e9b8e274c1', '文远', '200', '2018-01-19 16:35:49', '广东省深圳市福田区福强路3029号', '保存登录信息成功', 'devtools', 'iPhone 7', '6.5.6', 'zh_CN', 'iOS 10.0.1', 'https://wx.qlogo.cn/mmopen/vi_32/Q0j4TwGTfTJkuKWqx9v9fsgR0mfQRqgvuKyK2IejxPmo8cbMTSQFZyibibqxxKvME8cvnPk5UdQqpQRDoKLnBgTQ/0', '1001');
INSERT INTO `wx_login_info` VALUES ('02aed42e821de3e2abbbf02be1a7d2e9b8e274c1', '文远', '200', '2018-01-19 16:36:07', '广东省深圳市福田区福强路3029号', '保存登录信息成功', 'devtools', 'iPhone 7', '6.5.6', 'zh_CN', 'iOS 10.0.1', 'https://wx.qlogo.cn/mmopen/vi_32/Q0j4TwGTfTJkuKWqx9v9fsgR0mfQRqgvuKyK2IejxPmo8cbMTSQFZyibibqxxKvME8cvnPk5UdQqpQRDoKLnBgTQ/0', '1001');
INSERT INTO `wx_login_info` VALUES ('02aed42e821de3e2abbbf02be1a7d2e9b8e274c1', '文远', '200', '2018-01-19 16:36:22', '广东省深圳市福田区福强路3029号', '保存登录信息成功', 'devtools', 'iPhone 7', '6.5.6', 'zh_CN', 'iOS 10.0.1', 'https://wx.qlogo.cn/mmopen/vi_32/Q0j4TwGTfTJkuKWqx9v9fsgR0mfQRqgvuKyK2IejxPmo8cbMTSQFZyibibqxxKvME8cvnPk5UdQqpQRDoKLnBgTQ/0', '1001');
INSERT INTO `wx_login_info` VALUES ('02aed42e821de3e2abbbf02be1a7d2e9b8e274c1', '文远', '200', '2018-01-19 16:36:41', '广东省深圳市福田区福强路3029号', '保存登录信息成功', 'devtools', 'iPhone 7', '6.5.6', 'zh_CN', 'iOS 10.0.1', 'https://wx.qlogo.cn/mmopen/vi_32/Q0j4TwGTfTJkuKWqx9v9fsgR0mfQRqgvuKyK2IejxPmo8cbMTSQFZyibibqxxKvME8cvnPk5UdQqpQRDoKLnBgTQ/0', '1001');
INSERT INTO `wx_login_info` VALUES ('02aed42e821de3e2abbbf02be1a7d2e9b8e274c1', '文远', '200', '2018-01-19 16:37:08', '广东省深圳市福田区福强路3029号', '保存登录信息成功', 'devtools', 'iPhone 7', '6.5.6', 'zh_CN', 'iOS 10.0.1', 'https://wx.qlogo.cn/mmopen/vi_32/Q0j4TwGTfTJkuKWqx9v9fsgR0mfQRqgvuKyK2IejxPmo8cbMTSQFZyibibqxxKvME8cvnPk5UdQqpQRDoKLnBgTQ/0', '1001');
INSERT INTO `wx_login_info` VALUES ('02aed42e821de3e2abbbf02be1a7d2e9b8e274c1', '文远', '200', '2018-01-19 16:37:21', '广东省深圳市福田区福强路3029号', '保存登录信息成功', 'devtools', 'iPhone 7', '6.5.6', 'zh_CN', 'iOS 10.0.1', 'https://wx.qlogo.cn/mmopen/vi_32/Q0j4TwGTfTJkuKWqx9v9fsgR0mfQRqgvuKyK2IejxPmo8cbMTSQFZyibibqxxKvME8cvnPk5UdQqpQRDoKLnBgTQ/0', '1001');
INSERT INTO `wx_login_info` VALUES ('02aed42e821de3e2abbbf02be1a7d2e9b8e274c1', '文远', '200', '2018-01-19 16:39:07', '广东省深圳市福田区福强路3029号', '保存登录信息成功', 'devtools', 'iPhone 7', '6.5.6', 'zh_CN', 'iOS 10.0.1', 'https://wx.qlogo.cn/mmopen/vi_32/Q0j4TwGTfTJkuKWqx9v9fsgR0mfQRqgvuKyK2IejxPmo8cbMTSQFZyibibqxxKvME8cvnPk5UdQqpQRDoKLnBgTQ/0', '1001');
INSERT INTO `wx_login_info` VALUES ('02aed42e821de3e2abbbf02be1a7d2e9b8e274c1', '文远', '200', '2018-01-19 16:39:17', '广东省深圳市福田区福强路3029号', '保存登录信息成功', 'devtools', 'iPhone 7', '6.5.6', 'zh_CN', 'iOS 10.0.1', 'https://wx.qlogo.cn/mmopen/vi_32/Q0j4TwGTfTJkuKWqx9v9fsgR0mfQRqgvuKyK2IejxPmo8cbMTSQFZyibibqxxKvME8cvnPk5UdQqpQRDoKLnBgTQ/0', '1001');
INSERT INTO `wx_login_info` VALUES ('02aed42e821de3e2abbbf02be1a7d2e9b8e274c1', '文远', '200', '2018-01-19 16:39:41', '广东省深圳市福田区福强路3029号', '保存登录信息成功', 'devtools', 'iPhone 7', '6.5.6', 'zh_CN', 'iOS 10.0.1', 'https://wx.qlogo.cn/mmopen/vi_32/Q0j4TwGTfTJkuKWqx9v9fsgR0mfQRqgvuKyK2IejxPmo8cbMTSQFZyibibqxxKvME8cvnPk5UdQqpQRDoKLnBgTQ/0', '1001');
INSERT INTO `wx_login_info` VALUES ('02aed42e821de3e2abbbf02be1a7d2e9b8e274c1', '文远', '200', '2018-01-19 16:40:05', '广东省深圳市福田区福强路3029号', '保存登录信息成功', 'devtools', 'iPhone 7', '6.5.6', 'zh_CN', 'iOS 10.0.1', 'https://wx.qlogo.cn/mmopen/vi_32/Q0j4TwGTfTJkuKWqx9v9fsgR0mfQRqgvuKyK2IejxPmo8cbMTSQFZyibibqxxKvME8cvnPk5UdQqpQRDoKLnBgTQ/0', '1001');
INSERT INTO `wx_login_info` VALUES ('02aed42e821de3e2abbbf02be1a7d2e9b8e274c1', '文远', '200', '2018-01-19 16:40:12', '广东省深圳市福田区福强路3029号', '保存登录信息成功', 'devtools', 'iPhone 7', '6.5.6', 'zh_CN', 'iOS 10.0.1', 'https://wx.qlogo.cn/mmopen/vi_32/Q0j4TwGTfTJkuKWqx9v9fsgR0mfQRqgvuKyK2IejxPmo8cbMTSQFZyibibqxxKvME8cvnPk5UdQqpQRDoKLnBgTQ/0', '1001');
INSERT INTO `wx_login_info` VALUES ('02aed42e821de3e2abbbf02be1a7d2e9b8e274c1', '文远', '200', '2018-01-19 16:41:25', '广东省深圳市福田区福强路3029号', '保存登录信息成功', 'devtools', 'iPhone 7', '6.5.6', 'zh_CN', 'iOS 10.0.1', 'https://wx.qlogo.cn/mmopen/vi_32/Q0j4TwGTfTJkuKWqx9v9fsgR0mfQRqgvuKyK2IejxPmo8cbMTSQFZyibibqxxKvME8cvnPk5UdQqpQRDoKLnBgTQ/0', '1001');
INSERT INTO `wx_login_info` VALUES ('02aed42e821de3e2abbbf02be1a7d2e9b8e274c1', '文远', '200', '2018-01-19 16:41:41', '广东省深圳市福田区福强路3029号', '保存登录信息成功', 'devtools', 'iPhone 7', '6.5.6', 'zh_CN', 'iOS 10.0.1', 'https://wx.qlogo.cn/mmopen/vi_32/Q0j4TwGTfTJkuKWqx9v9fsgR0mfQRqgvuKyK2IejxPmo8cbMTSQFZyibibqxxKvME8cvnPk5UdQqpQRDoKLnBgTQ/0', '1001');
INSERT INTO `wx_login_info` VALUES ('02aed42e821de3e2abbbf02be1a7d2e9b8e274c1', '文远', '200', '2018-01-19 16:41:51', '广东省深圳市福田区福强路3029号', '保存登录信息成功', 'devtools', 'iPhone 7', '6.5.6', 'zh_CN', 'iOS 10.0.1', 'https://wx.qlogo.cn/mmopen/vi_32/Q0j4TwGTfTJkuKWqx9v9fsgR0mfQRqgvuKyK2IejxPmo8cbMTSQFZyibibqxxKvME8cvnPk5UdQqpQRDoKLnBgTQ/0', '1001');
INSERT INTO `wx_login_info` VALUES ('02aed42e821de3e2abbbf02be1a7d2e9b8e274c1', '文远', '200', '2018-01-19 16:42:18', '广东省深圳市福田区福强路3029号', '保存登录信息成功', 'devtools', 'iPhone 7', '6.5.6', 'zh_CN', 'iOS 10.0.1', 'https://wx.qlogo.cn/mmopen/vi_32/Q0j4TwGTfTJkuKWqx9v9fsgR0mfQRqgvuKyK2IejxPmo8cbMTSQFZyibibqxxKvME8cvnPk5UdQqpQRDoKLnBgTQ/0', '1001');
INSERT INTO `wx_login_info` VALUES ('02aed42e821de3e2abbbf02be1a7d2e9b8e274c1', '文远', '200', '2018-01-19 16:42:37', '广东省深圳市福田区福强路3029号', '保存登录信息成功', 'devtools', 'iPhone 7', '6.5.6', 'zh_CN', 'iOS 10.0.1', 'https://wx.qlogo.cn/mmopen/vi_32/Q0j4TwGTfTJkuKWqx9v9fsgR0mfQRqgvuKyK2IejxPmo8cbMTSQFZyibibqxxKvME8cvnPk5UdQqpQRDoKLnBgTQ/0', '1001');
INSERT INTO `wx_login_info` VALUES ('02aed42e821de3e2abbbf02be1a7d2e9b8e274c1', '文远', '200', '2018-01-19 16:42:57', '广东省深圳市福田区福强路3029号', '保存登录信息成功', 'devtools', 'iPhone 7', '6.5.6', 'zh_CN', 'iOS 10.0.1', 'https://wx.qlogo.cn/mmopen/vi_32/Q0j4TwGTfTJkuKWqx9v9fsgR0mfQRqgvuKyK2IejxPmo8cbMTSQFZyibibqxxKvME8cvnPk5UdQqpQRDoKLnBgTQ/0', '1001');
INSERT INTO `wx_login_info` VALUES ('02aed42e821de3e2abbbf02be1a7d2e9b8e274c1', '文远', '200', '2018-01-19 16:43:24', '广东省深圳市福田区福强路3029号', '保存登录信息成功', 'devtools', 'iPhone 7', '6.5.6', 'zh_CN', 'iOS 10.0.1', 'https://wx.qlogo.cn/mmopen/vi_32/Q0j4TwGTfTJkuKWqx9v9fsgR0mfQRqgvuKyK2IejxPmo8cbMTSQFZyibibqxxKvME8cvnPk5UdQqpQRDoKLnBgTQ/0', '1001');
INSERT INTO `wx_login_info` VALUES ('02aed42e821de3e2abbbf02be1a7d2e9b8e274c1', '文远', '200', '2018-01-19 16:43:34', '广东省深圳市福田区福强路3029号', '保存登录信息成功', 'devtools', 'iPhone 7', '6.5.6', 'zh_CN', 'iOS 10.0.1', 'https://wx.qlogo.cn/mmopen/vi_32/Q0j4TwGTfTJkuKWqx9v9fsgR0mfQRqgvuKyK2IejxPmo8cbMTSQFZyibibqxxKvME8cvnPk5UdQqpQRDoKLnBgTQ/0', '1001');
INSERT INTO `wx_login_info` VALUES ('02aed42e821de3e2abbbf02be1a7d2e9b8e274c1', '文远', '200', '2018-01-19 16:43:52', '广东省深圳市福田区福强路3029号', '保存登录信息成功', 'devtools', 'iPhone 7', '6.5.6', 'zh_CN', 'iOS 10.0.1', 'https://wx.qlogo.cn/mmopen/vi_32/Q0j4TwGTfTJkuKWqx9v9fsgR0mfQRqgvuKyK2IejxPmo8cbMTSQFZyibibqxxKvME8cvnPk5UdQqpQRDoKLnBgTQ/0', '1001');
INSERT INTO `wx_login_info` VALUES ('02aed42e821de3e2abbbf02be1a7d2e9b8e274c1', '文远', '200', '2018-01-19 16:44:13', '广东省深圳市福田区福强路3029号', '保存登录信息成功', 'devtools', 'iPhone 7', '6.5.6', 'zh_CN', 'iOS 10.0.1', 'https://wx.qlogo.cn/mmopen/vi_32/Q0j4TwGTfTJkuKWqx9v9fsgR0mfQRqgvuKyK2IejxPmo8cbMTSQFZyibibqxxKvME8cvnPk5UdQqpQRDoKLnBgTQ/0', '1001');
INSERT INTO `wx_login_info` VALUES ('02aed42e821de3e2abbbf02be1a7d2e9b8e274c1', '文远', '200', '2018-01-19 16:44:21', '广东省深圳市福田区福强路3029号', '保存登录信息成功', 'devtools', 'iPhone 7', '6.5.6', 'zh_CN', 'iOS 10.0.1', 'https://wx.qlogo.cn/mmopen/vi_32/Q0j4TwGTfTJkuKWqx9v9fsgR0mfQRqgvuKyK2IejxPmo8cbMTSQFZyibibqxxKvME8cvnPk5UdQqpQRDoKLnBgTQ/0', '1001');
INSERT INTO `wx_login_info` VALUES ('02aed42e821de3e2abbbf02be1a7d2e9b8e274c1', '文远', '200', '2018-01-19 16:45:32', '广东省深圳市福田区福强路3029号', '保存登录信息成功', 'devtools', 'iPhone 7', '6.5.6', 'zh_CN', 'iOS 10.0.1', 'https://wx.qlogo.cn/mmopen/vi_32/Q0j4TwGTfTJkuKWqx9v9fsgR0mfQRqgvuKyK2IejxPmo8cbMTSQFZyibibqxxKvME8cvnPk5UdQqpQRDoKLnBgTQ/0', '1001');
INSERT INTO `wx_login_info` VALUES ('02aed42e821de3e2abbbf02be1a7d2e9b8e274c1', '文远', '200', '2018-01-19 16:45:41', '广东省深圳市福田区福强路3029号', '保存登录信息成功', 'devtools', 'iPhone 7', '6.5.6', 'zh_CN', 'iOS 10.0.1', 'https://wx.qlogo.cn/mmopen/vi_32/Q0j4TwGTfTJkuKWqx9v9fsgR0mfQRqgvuKyK2IejxPmo8cbMTSQFZyibibqxxKvME8cvnPk5UdQqpQRDoKLnBgTQ/0', '1001');
INSERT INTO `wx_login_info` VALUES ('02aed42e821de3e2abbbf02be1a7d2e9b8e274c1', '文远', '200', '2018-01-19 16:45:48', '广东省深圳市福田区福强路3029号', '保存登录信息成功', 'devtools', 'iPhone 7', '6.5.6', 'zh_CN', 'iOS 10.0.1', 'https://wx.qlogo.cn/mmopen/vi_32/Q0j4TwGTfTJkuKWqx9v9fsgR0mfQRqgvuKyK2IejxPmo8cbMTSQFZyibibqxxKvME8cvnPk5UdQqpQRDoKLnBgTQ/0', '1001');
INSERT INTO `wx_login_info` VALUES ('02aed42e821de3e2abbbf02be1a7d2e9b8e274c1', '文远', '200', '2018-01-19 16:46:12', '广东省深圳市福田区福强路3029号', '保存登录信息成功', 'devtools', 'iPhone 7', '6.5.6', 'zh_CN', 'iOS 10.0.1', 'https://wx.qlogo.cn/mmopen/vi_32/Q0j4TwGTfTJkuKWqx9v9fsgR0mfQRqgvuKyK2IejxPmo8cbMTSQFZyibibqxxKvME8cvnPk5UdQqpQRDoKLnBgTQ/0', '1001');
INSERT INTO `wx_login_info` VALUES ('6dda357ef51d843dc954f4f648ed23ca93984be9', '文远', '200', '2018-01-19 16:46:35', '广东省深圳市福田区福强路3029号', '保存登录信息成功', 'devtools', 'iPhone 7', '6.5.6', 'zh_CN', 'iOS 10.0.1', 'https://wx.qlogo.cn/mmopen/vi_32/Q0j4TwGTfTJkuKWqx9v9fsgR0mfQRqgvuKyK2IejxPmo8cbMTSQFZyibibqxxKvME8cvnPk5UdQqpQRDoKLnBgTQ/0', '1001');
INSERT INTO `wx_login_info` VALUES ('6dda357ef51d843dc954f4f648ed23ca93984be9', '文远', '200', '2018-01-19 16:47:36', '广东省深圳市福田区福强路3029号', '保存登录信息成功', 'devtools', 'iPhone 7', '6.5.6', 'zh_CN', 'iOS 10.0.1', 'https://wx.qlogo.cn/mmopen/vi_32/Q0j4TwGTfTJkuKWqx9v9fsgR0mfQRqgvuKyK2IejxPmo8cbMTSQFZyibibqxxKvME8cvnPk5UdQqpQRDoKLnBgTQ/0', '1001');
INSERT INTO `wx_login_info` VALUES ('6dda357ef51d843dc954f4f648ed23ca93984be9', '文远', '200', '2018-01-19 16:47:54', '广东省深圳市福田区福强路3029号', '保存登录信息成功', 'devtools', 'iPhone 7', '6.5.6', 'zh_CN', 'iOS 10.0.1', 'https://wx.qlogo.cn/mmopen/vi_32/Q0j4TwGTfTJkuKWqx9v9fsgR0mfQRqgvuKyK2IejxPmo8cbMTSQFZyibibqxxKvME8cvnPk5UdQqpQRDoKLnBgTQ/0', '1001');
INSERT INTO `wx_login_info` VALUES ('6dda357ef51d843dc954f4f648ed23ca93984be9', '文远', '200', '2018-01-19 16:48:06', '广东省深圳市福田区福强路3029号', '保存登录信息成功', 'devtools', 'iPhone 7', '6.5.6', 'zh_CN', 'iOS 10.0.1', 'https://wx.qlogo.cn/mmopen/vi_32/Q0j4TwGTfTJkuKWqx9v9fsgR0mfQRqgvuKyK2IejxPmo8cbMTSQFZyibibqxxKvME8cvnPk5UdQqpQRDoKLnBgTQ/0', '1001');
INSERT INTO `wx_login_info` VALUES ('6dda357ef51d843dc954f4f648ed23ca93984be9', '文远', '200', '2018-01-19 16:48:21', '广东省深圳市福田区福强路3029号', '保存登录信息成功', 'devtools', 'iPhone 7', '6.5.6', 'zh_CN', 'iOS 10.0.1', 'https://wx.qlogo.cn/mmopen/vi_32/Q0j4TwGTfTJkuKWqx9v9fsgR0mfQRqgvuKyK2IejxPmo8cbMTSQFZyibibqxxKvME8cvnPk5UdQqpQRDoKLnBgTQ/0', '1001');
INSERT INTO `wx_login_info` VALUES ('6dda357ef51d843dc954f4f648ed23ca93984be9', '文远', '200', '2018-01-19 16:49:49', '广东省深圳市福田区福强路3029号', '保存登录信息成功', 'devtools', 'iPhone 7', '6.5.6', 'zh_CN', 'iOS 10.0.1', 'https://wx.qlogo.cn/mmopen/vi_32/Q0j4TwGTfTJkuKWqx9v9fsgR0mfQRqgvuKyK2IejxPmo8cbMTSQFZyibibqxxKvME8cvnPk5UdQqpQRDoKLnBgTQ/0', '1001');
INSERT INTO `wx_login_info` VALUES ('6dda357ef51d843dc954f4f648ed23ca93984be9', '文远', '200', '2018-01-19 16:50:43', '广东省深圳市福田区福强路3029号', '保存登录信息成功', 'devtools', 'iPhone 7', '6.5.6', 'zh_CN', 'iOS 10.0.1', 'https://wx.qlogo.cn/mmopen/vi_32/Q0j4TwGTfTJkuKWqx9v9fsgR0mfQRqgvuKyK2IejxPmo8cbMTSQFZyibibqxxKvME8cvnPk5UdQqpQRDoKLnBgTQ/0', '1001');
INSERT INTO `wx_login_info` VALUES ('6dda357ef51d843dc954f4f648ed23ca93984be9', '文远', '200', '2018-01-19 16:51:09', '广东省深圳市福田区福强路3029号', '保存登录信息成功', 'devtools', 'iPhone 7', '6.5.6', 'zh_CN', 'iOS 10.0.1', 'https://wx.qlogo.cn/mmopen/vi_32/Q0j4TwGTfTJkuKWqx9v9fsgR0mfQRqgvuKyK2IejxPmo8cbMTSQFZyibibqxxKvME8cvnPk5UdQqpQRDoKLnBgTQ/0', '1001');
INSERT INTO `wx_login_info` VALUES ('6dda357ef51d843dc954f4f648ed23ca93984be9', '文远', '200', '2018-01-19 16:52:34', '广东省深圳市福田区福强路3029号', '保存登录信息成功', 'devtools', 'iPhone 7', '6.5.6', 'zh_CN', 'iOS 10.0.1', 'https://wx.qlogo.cn/mmopen/vi_32/Q0j4TwGTfTJkuKWqx9v9fsgR0mfQRqgvuKyK2IejxPmo8cbMTSQFZyibibqxxKvME8cvnPk5UdQqpQRDoKLnBgTQ/0', '1001');
INSERT INTO `wx_login_info` VALUES ('6dda357ef51d843dc954f4f648ed23ca93984be9', '文远', '200', '2018-01-19 16:52:54', '广东省深圳市福田区福强路3029号', '保存登录信息成功', 'devtools', 'iPhone 7', '6.5.6', 'zh_CN', 'iOS 10.0.1', 'https://wx.qlogo.cn/mmopen/vi_32/Q0j4TwGTfTJkuKWqx9v9fsgR0mfQRqgvuKyK2IejxPmo8cbMTSQFZyibibqxxKvME8cvnPk5UdQqpQRDoKLnBgTQ/0', '1001');
INSERT INTO `wx_login_info` VALUES ('6dda357ef51d843dc954f4f648ed23ca93984be9', '文远', '200', '2018-01-19 16:52:57', '广东省深圳市福田区福强路3029号', '保存登录信息成功', 'devtools', 'iPhone 7', '6.5.6', 'zh_CN', 'iOS 10.0.1', 'https://wx.qlogo.cn/mmopen/vi_32/Q0j4TwGTfTJkuKWqx9v9fsgR0mfQRqgvuKyK2IejxPmo8cbMTSQFZyibibqxxKvME8cvnPk5UdQqpQRDoKLnBgTQ/0', '1001');
INSERT INTO `wx_login_info` VALUES ('6dda357ef51d843dc954f4f648ed23ca93984be9', '文远', '200', '2018-01-19 16:53:23', '广东省深圳市福田区福强路3029号', '保存登录信息成功', 'devtools', 'iPhone 7', '6.5.6', 'zh_CN', 'iOS 10.0.1', 'https://wx.qlogo.cn/mmopen/vi_32/Q0j4TwGTfTJkuKWqx9v9fsgR0mfQRqgvuKyK2IejxPmo8cbMTSQFZyibibqxxKvME8cvnPk5UdQqpQRDoKLnBgTQ/0', '1001');
INSERT INTO `wx_login_info` VALUES ('6dda357ef51d843dc954f4f648ed23ca93984be9', '文远', '200', '2018-01-19 16:53:31', '广东省深圳市福田区福强路3029号', '保存登录信息成功', 'devtools', 'iPhone 7', '6.5.6', 'zh_CN', 'iOS 10.0.1', 'https://wx.qlogo.cn/mmopen/vi_32/Q0j4TwGTfTJkuKWqx9v9fsgR0mfQRqgvuKyK2IejxPmo8cbMTSQFZyibibqxxKvME8cvnPk5UdQqpQRDoKLnBgTQ/0', '1001');
INSERT INTO `wx_login_info` VALUES ('6dda357ef51d843dc954f4f648ed23ca93984be9', '文远', '200', '2018-01-19 16:54:00', '广东省深圳市福田区福强路3029号', '保存登录信息成功', 'devtools', 'iPhone 7', '6.5.6', 'zh_CN', 'iOS 10.0.1', 'https://wx.qlogo.cn/mmopen/vi_32/Q0j4TwGTfTJkuKWqx9v9fsgR0mfQRqgvuKyK2IejxPmo8cbMTSQFZyibibqxxKvME8cvnPk5UdQqpQRDoKLnBgTQ/0', '1001');
INSERT INTO `wx_login_info` VALUES ('6dda357ef51d843dc954f4f648ed23ca93984be9', '文远', '200', '2018-01-19 16:55:30', '广东省深圳市福田区福强路3029号', '保存登录信息成功', 'devtools', 'iPhone 7', '6.5.6', 'zh_CN', 'iOS 10.0.1', 'https://wx.qlogo.cn/mmopen/vi_32/Q0j4TwGTfTJkuKWqx9v9fsgR0mfQRqgvuKyK2IejxPmo8cbMTSQFZyibibqxxKvME8cvnPk5UdQqpQRDoKLnBgTQ/0', '1001');
INSERT INTO `wx_login_info` VALUES ('6dda357ef51d843dc954f4f648ed23ca93984be9', '文远', '200', '2018-01-19 16:55:55', '广东省深圳市福田区福强路3029号', '保存登录信息成功', 'devtools', 'iPhone 7', '6.5.6', 'zh_CN', 'iOS 10.0.1', 'https://wx.qlogo.cn/mmopen/vi_32/Q0j4TwGTfTJkuKWqx9v9fsgR0mfQRqgvuKyK2IejxPmo8cbMTSQFZyibibqxxKvME8cvnPk5UdQqpQRDoKLnBgTQ/0', '1001');
INSERT INTO `wx_login_info` VALUES ('6dda357ef51d843dc954f4f648ed23ca93984be9', '文远', '200', '2018-01-19 16:56:06', '广东省深圳市福田区福强路3029号', '保存登录信息成功', 'devtools', 'iPhone 7', '6.5.6', 'zh_CN', 'iOS 10.0.1', 'https://wx.qlogo.cn/mmopen/vi_32/Q0j4TwGTfTJkuKWqx9v9fsgR0mfQRqgvuKyK2IejxPmo8cbMTSQFZyibibqxxKvME8cvnPk5UdQqpQRDoKLnBgTQ/0', '1001');
INSERT INTO `wx_login_info` VALUES ('0ecdea888e383832d9812bd59f5db4f5e31a3f8e', '文远', '200', '2018-01-19 16:56:34', '广东省深圳市福田区福强路3029号', '保存登录信息成功', 'devtools', 'iPhone 7', '6.5.6', 'zh_CN', 'iOS 10.0.1', 'https://wx.qlogo.cn/mmopen/vi_32/Q0j4TwGTfTJkuKWqx9v9fsgR0mfQRqgvuKyK2IejxPmo8cbMTSQFZyibibqxxKvME8cvnPk5UdQqpQRDoKLnBgTQ/0', '1001');
INSERT INTO `wx_login_info` VALUES ('5a8657bda539070fc662fc7f53fcff52579877c4', '文远', '200', '2018-01-19 17:00:06', '广东省深圳市福田区福强路3029号', '保存登录信息成功', 'devtools', 'iPhone 7', '6.5.6', 'zh_CN', 'iOS 10.0.1', 'https://wx.qlogo.cn/mmopen/vi_32/Q0j4TwGTfTJkuKWqx9v9fsgR0mfQRqgvuKyK2IejxPmo8cbMTSQFZyibibqxxKvME8cvnPk5UdQqpQRDoKLnBgTQ/0', '1001');
INSERT INTO `wx_login_info` VALUES ('5a8657bda539070fc662fc7f53fcff52579877c4', '文远', '200', '2018-01-19 17:00:39', '广东省深圳市福田区福强路3029号', '保存登录信息成功', 'devtools', 'iPhone 7', '6.5.6', 'zh_CN', 'iOS 10.0.1', 'https://wx.qlogo.cn/mmopen/vi_32/Q0j4TwGTfTJkuKWqx9v9fsgR0mfQRqgvuKyK2IejxPmo8cbMTSQFZyibibqxxKvME8cvnPk5UdQqpQRDoKLnBgTQ/0', '1001');
INSERT INTO `wx_login_info` VALUES ('5a8657bda539070fc662fc7f53fcff52579877c4', '文远', '200', '2018-01-19 17:01:08', '广东省深圳市福田区福强路3029号', '保存登录信息成功', 'devtools', 'iPhone 7', '6.5.6', 'zh_CN', 'iOS 10.0.1', 'https://wx.qlogo.cn/mmopen/vi_32/Q0j4TwGTfTJkuKWqx9v9fsgR0mfQRqgvuKyK2IejxPmo8cbMTSQFZyibibqxxKvME8cvnPk5UdQqpQRDoKLnBgTQ/0', '1001');
INSERT INTO `wx_login_info` VALUES ('5a8657bda539070fc662fc7f53fcff52579877c4', '文远', '200', '2018-01-19 17:01:48', '广东省深圳市福田区福强路3029号', '保存登录信息成功', 'devtools', 'iPhone 7', '6.5.6', 'zh_CN', 'iOS 10.0.1', 'https://wx.qlogo.cn/mmopen/vi_32/Q0j4TwGTfTJkuKWqx9v9fsgR0mfQRqgvuKyK2IejxPmo8cbMTSQFZyibibqxxKvME8cvnPk5UdQqpQRDoKLnBgTQ/0', '1001');
INSERT INTO `wx_login_info` VALUES ('5a8657bda539070fc662fc7f53fcff52579877c4', '文远', '200', '2018-01-19 17:02:55', '广东省深圳市福田区福强路3029号', '保存登录信息成功', 'devtools', 'iPhone 7', '6.5.6', 'zh_CN', 'iOS 10.0.1', 'https://wx.qlogo.cn/mmopen/vi_32/Q0j4TwGTfTJkuKWqx9v9fsgR0mfQRqgvuKyK2IejxPmo8cbMTSQFZyibibqxxKvME8cvnPk5UdQqpQRDoKLnBgTQ/0', '1001');
INSERT INTO `wx_login_info` VALUES ('5a8657bda539070fc662fc7f53fcff52579877c4', '文远', '200', '2018-01-19 17:03:26', '广东省深圳市福田区福强路3029号', '保存登录信息成功', 'devtools', 'iPhone 7', '6.5.6', 'zh_CN', 'iOS 10.0.1', 'https://wx.qlogo.cn/mmopen/vi_32/Q0j4TwGTfTJkuKWqx9v9fsgR0mfQRqgvuKyK2IejxPmo8cbMTSQFZyibibqxxKvME8cvnPk5UdQqpQRDoKLnBgTQ/0', '1001');
INSERT INTO `wx_login_info` VALUES ('5a8657bda539070fc662fc7f53fcff52579877c4', '文远', '200', '2018-01-19 17:03:44', '广东省深圳市福田区福强路3029号', '保存登录信息成功', 'devtools', 'iPhone 7', '6.5.6', 'zh_CN', 'iOS 10.0.1', 'https://wx.qlogo.cn/mmopen/vi_32/Q0j4TwGTfTJkuKWqx9v9fsgR0mfQRqgvuKyK2IejxPmo8cbMTSQFZyibibqxxKvME8cvnPk5UdQqpQRDoKLnBgTQ/0', '1001');
INSERT INTO `wx_login_info` VALUES ('5a8657bda539070fc662fc7f53fcff52579877c4', '文远', '200', '2018-01-19 17:03:53', '广东省深圳市福田区福强路3029号', '保存登录信息成功', 'devtools', 'iPhone 7', '6.5.6', 'zh_CN', 'iOS 10.0.1', 'https://wx.qlogo.cn/mmopen/vi_32/Q0j4TwGTfTJkuKWqx9v9fsgR0mfQRqgvuKyK2IejxPmo8cbMTSQFZyibibqxxKvME8cvnPk5UdQqpQRDoKLnBgTQ/0', '1001');
INSERT INTO `wx_login_info` VALUES ('5a8657bda539070fc662fc7f53fcff52579877c4', '文远', '200', '2018-01-19 17:06:06', '广东省深圳市福田区福强路3029号', '保存登录信息成功', 'devtools', 'iPhone 7', '6.5.6', 'zh_CN', 'iOS 10.0.1', 'https://wx.qlogo.cn/mmopen/vi_32/Q0j4TwGTfTJkuKWqx9v9fsgR0mfQRqgvuKyK2IejxPmo8cbMTSQFZyibibqxxKvME8cvnPk5UdQqpQRDoKLnBgTQ/0', '1001');
INSERT INTO `wx_login_info` VALUES ('5a8657bda539070fc662fc7f53fcff52579877c4', '文远', '200', '2018-01-19 17:06:19', '广东省深圳市福田区福强路3029号', '保存登录信息成功', 'devtools', 'iPhone 7', '6.5.6', 'zh_CN', 'iOS 10.0.1', 'https://wx.qlogo.cn/mmopen/vi_32/Q0j4TwGTfTJkuKWqx9v9fsgR0mfQRqgvuKyK2IejxPmo8cbMTSQFZyibibqxxKvME8cvnPk5UdQqpQRDoKLnBgTQ/0', '1001');
INSERT INTO `wx_login_info` VALUES ('5a8657bda539070fc662fc7f53fcff52579877c4', '文远', '200', '2018-01-19 17:06:59', '广东省深圳市福田区福强路3029号', '保存登录信息成功', 'devtools', 'iPhone 7', '6.5.6', 'zh_CN', 'iOS 10.0.1', 'https://wx.qlogo.cn/mmopen/vi_32/Q0j4TwGTfTJkuKWqx9v9fsgR0mfQRqgvuKyK2IejxPmo8cbMTSQFZyibibqxxKvME8cvnPk5UdQqpQRDoKLnBgTQ/0', '1001');
INSERT INTO `wx_login_info` VALUES ('5a8657bda539070fc662fc7f53fcff52579877c4', '文远', '200', '2018-01-19 17:08:18', '广东省深圳市福田区福强路3029号', '保存登录信息成功', 'devtools', 'iPhone 7', '6.5.6', 'zh_CN', 'iOS 10.0.1', 'https://wx.qlogo.cn/mmopen/vi_32/Q0j4TwGTfTJkuKWqx9v9fsgR0mfQRqgvuKyK2IejxPmo8cbMTSQFZyibibqxxKvME8cvnPk5UdQqpQRDoKLnBgTQ/0', '1001');
INSERT INTO `wx_login_info` VALUES ('5a8657bda539070fc662fc7f53fcff52579877c4', '文远', '200', '2018-01-19 17:08:46', '广东省深圳市福田区福强路3029号', '保存登录信息成功', 'devtools', 'iPhone 7', '6.5.6', 'zh_CN', 'iOS 10.0.1', 'https://wx.qlogo.cn/mmopen/vi_32/Q0j4TwGTfTJkuKWqx9v9fsgR0mfQRqgvuKyK2IejxPmo8cbMTSQFZyibibqxxKvME8cvnPk5UdQqpQRDoKLnBgTQ/0', '1001');
INSERT INTO `wx_login_info` VALUES ('5a8657bda539070fc662fc7f53fcff52579877c4', '文远', '200', '2018-01-19 17:09:36', '广东省深圳市福田区福强路3029号', '保存登录信息成功', 'devtools', 'iPhone 7', '6.5.6', 'zh_CN', 'iOS 10.0.1', 'https://wx.qlogo.cn/mmopen/vi_32/Q0j4TwGTfTJkuKWqx9v9fsgR0mfQRqgvuKyK2IejxPmo8cbMTSQFZyibibqxxKvME8cvnPk5UdQqpQRDoKLnBgTQ/0', '1001');
INSERT INTO `wx_login_info` VALUES ('5a8657bda539070fc662fc7f53fcff52579877c4', '文远', '200', '2018-01-19 17:09:46', '广东省深圳市福田区福强路3029号', '保存登录信息成功', 'devtools', 'iPhone 7', '6.5.6', 'zh_CN', 'iOS 10.0.1', 'https://wx.qlogo.cn/mmopen/vi_32/Q0j4TwGTfTJkuKWqx9v9fsgR0mfQRqgvuKyK2IejxPmo8cbMTSQFZyibibqxxKvME8cvnPk5UdQqpQRDoKLnBgTQ/0', '1001');
INSERT INTO `wx_login_info` VALUES ('5a8657bda539070fc662fc7f53fcff52579877c4', '文远', '200', '2018-01-19 17:10:14', '广东省深圳市福田区福强路3029号', '保存登录信息成功', 'devtools', 'iPhone 7', '6.5.6', 'zh_CN', 'iOS 10.0.1', 'https://wx.qlogo.cn/mmopen/vi_32/Q0j4TwGTfTJkuKWqx9v9fsgR0mfQRqgvuKyK2IejxPmo8cbMTSQFZyibibqxxKvME8cvnPk5UdQqpQRDoKLnBgTQ/0', '1001');
INSERT INTO `wx_login_info` VALUES ('5a8657bda539070fc662fc7f53fcff52579877c4', '文远', '200', '2018-01-19 17:10:28', '广东省深圳市福田区福强路3029号', '保存登录信息成功', 'devtools', 'iPhone 7', '6.5.6', 'zh_CN', 'iOS 10.0.1', 'https://wx.qlogo.cn/mmopen/vi_32/Q0j4TwGTfTJkuKWqx9v9fsgR0mfQRqgvuKyK2IejxPmo8cbMTSQFZyibibqxxKvME8cvnPk5UdQqpQRDoKLnBgTQ/0', '1001');
INSERT INTO `wx_login_info` VALUES ('5a8657bda539070fc662fc7f53fcff52579877c4', '文远', '200', '2018-01-19 17:11:03', '广东省深圳市福田区福强路3029号', '保存登录信息成功', 'devtools', 'iPhone 7', '6.5.6', 'zh_CN', 'iOS 10.0.1', 'https://wx.qlogo.cn/mmopen/vi_32/Q0j4TwGTfTJkuKWqx9v9fsgR0mfQRqgvuKyK2IejxPmo8cbMTSQFZyibibqxxKvME8cvnPk5UdQqpQRDoKLnBgTQ/0', '1001');
INSERT INTO `wx_login_info` VALUES ('5a8657bda539070fc662fc7f53fcff52579877c4', '文远', '200', '2018-01-19 17:11:19', '广东省深圳市福田区福强路3029号', '保存登录信息成功', 'devtools', 'iPhone 7', '6.5.6', 'zh_CN', 'iOS 10.0.1', 'https://wx.qlogo.cn/mmopen/vi_32/Q0j4TwGTfTJkuKWqx9v9fsgR0mfQRqgvuKyK2IejxPmo8cbMTSQFZyibibqxxKvME8cvnPk5UdQqpQRDoKLnBgTQ/0', '1001');
INSERT INTO `wx_login_info` VALUES ('5a8657bda539070fc662fc7f53fcff52579877c4', '文远', '200', '2018-01-19 17:11:34', '广东省深圳市福田区福强路3029号', '保存登录信息成功', 'devtools', 'iPhone 7', '6.5.6', 'zh_CN', 'iOS 10.0.1', 'https://wx.qlogo.cn/mmopen/vi_32/Q0j4TwGTfTJkuKWqx9v9fsgR0mfQRqgvuKyK2IejxPmo8cbMTSQFZyibibqxxKvME8cvnPk5UdQqpQRDoKLnBgTQ/0', '1001');
INSERT INTO `wx_login_info` VALUES ('5a8657bda539070fc662fc7f53fcff52579877c4', '文远', '200', '2018-01-19 17:12:14', '广东省深圳市福田区福强路3029号', '保存登录信息成功', 'devtools', 'iPhone 7', '6.5.6', 'zh_CN', 'iOS 10.0.1', 'https://wx.qlogo.cn/mmopen/vi_32/Q0j4TwGTfTJkuKWqx9v9fsgR0mfQRqgvuKyK2IejxPmo8cbMTSQFZyibibqxxKvME8cvnPk5UdQqpQRDoKLnBgTQ/0', '1001');
INSERT INTO `wx_login_info` VALUES ('5a8657bda539070fc662fc7f53fcff52579877c4', '文远', '200', '2018-01-19 17:12:25', '广东省深圳市福田区福强路3029号', '保存登录信息成功', 'devtools', 'iPhone 7', '6.5.6', 'zh_CN', 'iOS 10.0.1', 'https://wx.qlogo.cn/mmopen/vi_32/Q0j4TwGTfTJkuKWqx9v9fsgR0mfQRqgvuKyK2IejxPmo8cbMTSQFZyibibqxxKvME8cvnPk5UdQqpQRDoKLnBgTQ/0', '1001');
INSERT INTO `wx_login_info` VALUES ('5a8657bda539070fc662fc7f53fcff52579877c4', '文远', '200', '2018-01-19 17:12:29', '广东省深圳市福田区福强路3029号', '保存登录信息成功', 'devtools', 'iPhone 7', '6.5.6', 'zh_CN', 'iOS 10.0.1', 'https://wx.qlogo.cn/mmopen/vi_32/Q0j4TwGTfTJkuKWqx9v9fsgR0mfQRqgvuKyK2IejxPmo8cbMTSQFZyibibqxxKvME8cvnPk5UdQqpQRDoKLnBgTQ/0', '1001');
INSERT INTO `wx_login_info` VALUES ('5a8657bda539070fc662fc7f53fcff52579877c4', '文远', '200', '2018-01-19 17:12:32', '广东省深圳市福田区福强路3029号', '保存登录信息成功', 'devtools', 'iPhone 7', '6.5.6', 'zh_CN', 'iOS 10.0.1', 'https://wx.qlogo.cn/mmopen/vi_32/Q0j4TwGTfTJkuKWqx9v9fsgR0mfQRqgvuKyK2IejxPmo8cbMTSQFZyibibqxxKvME8cvnPk5UdQqpQRDoKLnBgTQ/0', '1001');
INSERT INTO `wx_login_info` VALUES ('5a8657bda539070fc662fc7f53fcff52579877c4', '文远', '200', '2018-01-19 17:12:39', '广东省深圳市福田区福强路3029号', '保存登录信息成功', 'devtools', 'iPhone 7', '6.5.6', 'zh_CN', 'iOS 10.0.1', 'https://wx.qlogo.cn/mmopen/vi_32/Q0j4TwGTfTJkuKWqx9v9fsgR0mfQRqgvuKyK2IejxPmo8cbMTSQFZyibibqxxKvME8cvnPk5UdQqpQRDoKLnBgTQ/0', '1001');
INSERT INTO `wx_login_info` VALUES ('5a8657bda539070fc662fc7f53fcff52579877c4', '文远', '200', '2018-01-19 17:12:52', '广东省深圳市福田区福强路3029号', '保存登录信息成功', 'devtools', 'iPhone 7', '6.5.6', 'zh_CN', 'iOS 10.0.1', 'https://wx.qlogo.cn/mmopen/vi_32/Q0j4TwGTfTJkuKWqx9v9fsgR0mfQRqgvuKyK2IejxPmo8cbMTSQFZyibibqxxKvME8cvnPk5UdQqpQRDoKLnBgTQ/0', '1001');
INSERT INTO `wx_login_info` VALUES ('5a8657bda539070fc662fc7f53fcff52579877c4', '文远', '200', '2018-01-19 17:13:08', '广东省深圳市福田区福强路3029号', '保存登录信息成功', 'devtools', 'iPhone 7', '6.5.6', 'zh_CN', 'iOS 10.0.1', 'https://wx.qlogo.cn/mmopen/vi_32/Q0j4TwGTfTJkuKWqx9v9fsgR0mfQRqgvuKyK2IejxPmo8cbMTSQFZyibibqxxKvME8cvnPk5UdQqpQRDoKLnBgTQ/0', '1001');
INSERT INTO `wx_login_info` VALUES ('5a8657bda539070fc662fc7f53fcff52579877c4', '文远', '200', '2018-01-19 17:13:13', '广东省深圳市福田区福强路3029号', '保存登录信息成功', 'devtools', 'iPhone 7', '6.5.6', 'zh_CN', 'iOS 10.0.1', 'https://wx.qlogo.cn/mmopen/vi_32/Q0j4TwGTfTJkuKWqx9v9fsgR0mfQRqgvuKyK2IejxPmo8cbMTSQFZyibibqxxKvME8cvnPk5UdQqpQRDoKLnBgTQ/0', '1001');
INSERT INTO `wx_login_info` VALUES ('5a8657bda539070fc662fc7f53fcff52579877c4', '文远', '200', '2018-01-19 17:13:26', '广东省深圳市福田区福强路3029号', '保存登录信息成功', 'devtools', 'iPhone 7', '6.5.6', 'zh_CN', 'iOS 10.0.1', 'https://wx.qlogo.cn/mmopen/vi_32/Q0j4TwGTfTJkuKWqx9v9fsgR0mfQRqgvuKyK2IejxPmo8cbMTSQFZyibibqxxKvME8cvnPk5UdQqpQRDoKLnBgTQ/0', '1001');
INSERT INTO `wx_login_info` VALUES ('5a8657bda539070fc662fc7f53fcff52579877c4', '文远', '200', '2018-01-19 17:13:38', '广东省深圳市福田区福强路3029号', '保存登录信息成功', 'devtools', 'iPhone 7', '6.5.6', 'zh_CN', 'iOS 10.0.1', 'https://wx.qlogo.cn/mmopen/vi_32/Q0j4TwGTfTJkuKWqx9v9fsgR0mfQRqgvuKyK2IejxPmo8cbMTSQFZyibibqxxKvME8cvnPk5UdQqpQRDoKLnBgTQ/0', '1001');
INSERT INTO `wx_login_info` VALUES ('5a8657bda539070fc662fc7f53fcff52579877c4', '文远', '200', '2018-01-19 17:13:51', '广东省深圳市福田区福强路3029号', '保存登录信息成功', 'devtools', 'iPhone 7', '6.5.6', 'zh_CN', 'iOS 10.0.1', 'https://wx.qlogo.cn/mmopen/vi_32/Q0j4TwGTfTJkuKWqx9v9fsgR0mfQRqgvuKyK2IejxPmo8cbMTSQFZyibibqxxKvME8cvnPk5UdQqpQRDoKLnBgTQ/0', '1001');
INSERT INTO `wx_login_info` VALUES ('5a8657bda539070fc662fc7f53fcff52579877c4', '文远', '200', '2018-01-19 17:13:53', '广东省深圳市福田区福强路3029号', '保存登录信息成功', 'devtools', 'iPhone 7', '6.5.6', 'zh_CN', 'iOS 10.0.1', 'https://wx.qlogo.cn/mmopen/vi_32/Q0j4TwGTfTJkuKWqx9v9fsgR0mfQRqgvuKyK2IejxPmo8cbMTSQFZyibibqxxKvME8cvnPk5UdQqpQRDoKLnBgTQ/0', '1001');
INSERT INTO `wx_login_info` VALUES ('5a8657bda539070fc662fc7f53fcff52579877c4', '文远', '200', '2018-01-19 17:14:03', '广东省深圳市福田区福强路3029号', '保存登录信息成功', 'devtools', 'iPhone 7', '6.5.6', 'zh_CN', 'iOS 10.0.1', 'https://wx.qlogo.cn/mmopen/vi_32/Q0j4TwGTfTJkuKWqx9v9fsgR0mfQRqgvuKyK2IejxPmo8cbMTSQFZyibibqxxKvME8cvnPk5UdQqpQRDoKLnBgTQ/0', '1001');
INSERT INTO `wx_login_info` VALUES ('5a8657bda539070fc662fc7f53fcff52579877c4', '文远', '200', '2018-01-19 17:14:22', '广东省深圳市福田区福强路3029号', '保存登录信息成功', 'devtools', 'iPhone 7', '6.5.6', 'zh_CN', 'iOS 10.0.1', 'https://wx.qlogo.cn/mmopen/vi_32/Q0j4TwGTfTJkuKWqx9v9fsgR0mfQRqgvuKyK2IejxPmo8cbMTSQFZyibibqxxKvME8cvnPk5UdQqpQRDoKLnBgTQ/0', '1001');
INSERT INTO `wx_login_info` VALUES ('5a8657bda539070fc662fc7f53fcff52579877c4', '文远', '200', '2018-01-19 17:14:28', '广东省深圳市福田区福强路3029号', '保存登录信息成功', 'devtools', 'iPhone 7', '6.5.6', 'zh_CN', 'iOS 10.0.1', 'https://wx.qlogo.cn/mmopen/vi_32/Q0j4TwGTfTJkuKWqx9v9fsgR0mfQRqgvuKyK2IejxPmo8cbMTSQFZyibibqxxKvME8cvnPk5UdQqpQRDoKLnBgTQ/0', '1001');
INSERT INTO `wx_login_info` VALUES ('5a8657bda539070fc662fc7f53fcff52579877c4', '文远', '200', '2018-01-19 17:15:07', '广东省深圳市福田区福强路3029号', '保存登录信息成功', 'devtools', 'iPhone 7', '6.5.6', 'zh_CN', 'iOS 10.0.1', 'https://wx.qlogo.cn/mmopen/vi_32/Q0j4TwGTfTJkuKWqx9v9fsgR0mfQRqgvuKyK2IejxPmo8cbMTSQFZyibibqxxKvME8cvnPk5UdQqpQRDoKLnBgTQ/0', '1001');
INSERT INTO `wx_login_info` VALUES ('5a8657bda539070fc662fc7f53fcff52579877c4', '文远', '200', '2018-01-19 17:15:18', '广东省深圳市福田区福强路3029号', '保存登录信息成功', 'devtools', 'iPhone 7', '6.5.6', 'zh_CN', 'iOS 10.0.1', 'https://wx.qlogo.cn/mmopen/vi_32/Q0j4TwGTfTJkuKWqx9v9fsgR0mfQRqgvuKyK2IejxPmo8cbMTSQFZyibibqxxKvME8cvnPk5UdQqpQRDoKLnBgTQ/0', '1001');
INSERT INTO `wx_login_info` VALUES ('5a8657bda539070fc662fc7f53fcff52579877c4', '文远', '200', '2018-01-19 17:15:21', '广东省深圳市福田区福强路3029号', '保存登录信息成功', 'devtools', 'iPhone 7', '6.5.6', 'zh_CN', 'iOS 10.0.1', 'https://wx.qlogo.cn/mmopen/vi_32/Q0j4TwGTfTJkuKWqx9v9fsgR0mfQRqgvuKyK2IejxPmo8cbMTSQFZyibibqxxKvME8cvnPk5UdQqpQRDoKLnBgTQ/0', '1001');
INSERT INTO `wx_login_info` VALUES ('5a8657bda539070fc662fc7f53fcff52579877c4', '文远', '200', '2018-01-19 17:15:42', '广东省深圳市福田区福强路3029号', '保存登录信息成功', 'devtools', 'iPhone 7', '6.5.6', 'zh_CN', 'iOS 10.0.1', 'https://wx.qlogo.cn/mmopen/vi_32/Q0j4TwGTfTJkuKWqx9v9fsgR0mfQRqgvuKyK2IejxPmo8cbMTSQFZyibibqxxKvME8cvnPk5UdQqpQRDoKLnBgTQ/0', '1001');
INSERT INTO `wx_login_info` VALUES ('5a8657bda539070fc662fc7f53fcff52579877c4', '文远', '200', '2018-01-19 17:15:48', '广东省深圳市福田区福强路3029号', '保存登录信息成功', 'devtools', 'iPhone 7', '6.5.6', 'zh_CN', 'iOS 10.0.1', 'https://wx.qlogo.cn/mmopen/vi_32/Q0j4TwGTfTJkuKWqx9v9fsgR0mfQRqgvuKyK2IejxPmo8cbMTSQFZyibibqxxKvME8cvnPk5UdQqpQRDoKLnBgTQ/0', '1001');
INSERT INTO `wx_login_info` VALUES ('5a8657bda539070fc662fc7f53fcff52579877c4', '文远', '200', '2018-01-19 17:15:55', '广东省深圳市福田区福强路3029号', '保存登录信息成功', 'devtools', 'iPhone 7', '6.5.6', 'zh_CN', 'iOS 10.0.1', 'https://wx.qlogo.cn/mmopen/vi_32/Q0j4TwGTfTJkuKWqx9v9fsgR0mfQRqgvuKyK2IejxPmo8cbMTSQFZyibibqxxKvME8cvnPk5UdQqpQRDoKLnBgTQ/0', '1001');
INSERT INTO `wx_login_info` VALUES ('5a8657bda539070fc662fc7f53fcff52579877c4', '文远', '200', '2018-01-19 17:16:06', '广东省深圳市福田区福强路3029号', '保存登录信息成功', 'devtools', 'iPhone 7', '6.5.6', 'zh_CN', 'iOS 10.0.1', 'https://wx.qlogo.cn/mmopen/vi_32/Q0j4TwGTfTJkuKWqx9v9fsgR0mfQRqgvuKyK2IejxPmo8cbMTSQFZyibibqxxKvME8cvnPk5UdQqpQRDoKLnBgTQ/0', '1001');
INSERT INTO `wx_login_info` VALUES ('5a8657bda539070fc662fc7f53fcff52579877c4', '文远', '200', '2018-01-19 17:16:26', '广东省深圳市福田区福强路3029号', '保存登录信息成功', 'devtools', 'iPhone 7', '6.5.6', 'zh_CN', 'iOS 10.0.1', 'https://wx.qlogo.cn/mmopen/vi_32/Q0j4TwGTfTJkuKWqx9v9fsgR0mfQRqgvuKyK2IejxPmo8cbMTSQFZyibibqxxKvME8cvnPk5UdQqpQRDoKLnBgTQ/0', '1001');
INSERT INTO `wx_login_info` VALUES ('5a8657bda539070fc662fc7f53fcff52579877c4', '文远', '200', '2018-01-19 17:17:25', '广东省深圳市福田区福强路3029号', '保存登录信息成功', 'devtools', 'iPhone 7', '6.5.6', 'zh_CN', 'iOS 10.0.1', 'https://wx.qlogo.cn/mmopen/vi_32/Q0j4TwGTfTJkuKWqx9v9fsgR0mfQRqgvuKyK2IejxPmo8cbMTSQFZyibibqxxKvME8cvnPk5UdQqpQRDoKLnBgTQ/0', '1001');
INSERT INTO `wx_login_info` VALUES ('5a8657bda539070fc662fc7f53fcff52579877c4', '文远', '200', '2018-01-19 17:17:33', '广东省深圳市福田区福强路3029号', '保存登录信息成功', 'devtools', 'iPhone 7', '6.5.6', 'zh_CN', 'iOS 10.0.1', 'https://wx.qlogo.cn/mmopen/vi_32/Q0j4TwGTfTJkuKWqx9v9fsgR0mfQRqgvuKyK2IejxPmo8cbMTSQFZyibibqxxKvME8cvnPk5UdQqpQRDoKLnBgTQ/0', '1001');
INSERT INTO `wx_login_info` VALUES ('5a8657bda539070fc662fc7f53fcff52579877c4', '文远', '200', '2018-01-19 17:17:46', '广东省深圳市福田区福强路3029号', '保存登录信息成功', 'devtools', 'iPhone 7', '6.5.6', 'zh_CN', 'iOS 10.0.1', 'https://wx.qlogo.cn/mmopen/vi_32/Q0j4TwGTfTJkuKWqx9v9fsgR0mfQRqgvuKyK2IejxPmo8cbMTSQFZyibibqxxKvME8cvnPk5UdQqpQRDoKLnBgTQ/0', '1001');
INSERT INTO `wx_login_info` VALUES ('5a8657bda539070fc662fc7f53fcff52579877c4', '文远', '200', '2018-01-19 17:18:00', '广东省深圳市福田区福强路3029号', '保存登录信息成功', 'devtools', 'iPhone 7', '6.5.6', 'zh_CN', 'iOS 10.0.1', 'https://wx.qlogo.cn/mmopen/vi_32/Q0j4TwGTfTJkuKWqx9v9fsgR0mfQRqgvuKyK2IejxPmo8cbMTSQFZyibibqxxKvME8cvnPk5UdQqpQRDoKLnBgTQ/0', '1001');
INSERT INTO `wx_login_info` VALUES ('5a8657bda539070fc662fc7f53fcff52579877c4', '文远', '200', '2018-01-19 17:18:14', '广东省深圳市福田区福强路3029号', '保存登录信息成功', 'devtools', 'iPhone 7', '6.5.6', 'zh_CN', 'iOS 10.0.1', 'https://wx.qlogo.cn/mmopen/vi_32/Q0j4TwGTfTJkuKWqx9v9fsgR0mfQRqgvuKyK2IejxPmo8cbMTSQFZyibibqxxKvME8cvnPk5UdQqpQRDoKLnBgTQ/0', '1001');
INSERT INTO `wx_login_info` VALUES ('5a8657bda539070fc662fc7f53fcff52579877c4', '文远', '200', '2018-01-19 17:18:29', '广东省深圳市福田区福强路3029号', '保存登录信息成功', 'devtools', 'iPhone 7', '6.5.6', 'zh_CN', 'iOS 10.0.1', 'https://wx.qlogo.cn/mmopen/vi_32/Q0j4TwGTfTJkuKWqx9v9fsgR0mfQRqgvuKyK2IejxPmo8cbMTSQFZyibibqxxKvME8cvnPk5UdQqpQRDoKLnBgTQ/0', '1001');
INSERT INTO `wx_login_info` VALUES ('5a8657bda539070fc662fc7f53fcff52579877c4', '文远', '200', '2018-01-19 17:18:42', '广东省深圳市福田区福强路3029号', '保存登录信息成功', 'devtools', 'iPhone 7', '6.5.6', 'zh_CN', 'iOS 10.0.1', 'https://wx.qlogo.cn/mmopen/vi_32/Q0j4TwGTfTJkuKWqx9v9fsgR0mfQRqgvuKyK2IejxPmo8cbMTSQFZyibibqxxKvME8cvnPk5UdQqpQRDoKLnBgTQ/0', '1001');
INSERT INTO `wx_login_info` VALUES ('5a8657bda539070fc662fc7f53fcff52579877c4', '文远', '200', '2018-01-19 17:18:47', '广东省深圳市福田区福强路3029号', '保存登录信息成功', 'devtools', 'iPhone 7', '6.5.6', 'zh_CN', 'iOS 10.0.1', 'https://wx.qlogo.cn/mmopen/vi_32/Q0j4TwGTfTJkuKWqx9v9fsgR0mfQRqgvuKyK2IejxPmo8cbMTSQFZyibibqxxKvME8cvnPk5UdQqpQRDoKLnBgTQ/0', '1001');
INSERT INTO `wx_login_info` VALUES ('5a8657bda539070fc662fc7f53fcff52579877c4', '文远', '200', '2018-01-19 17:18:54', '广东省深圳市福田区福强路3029号', '保存登录信息成功', 'devtools', 'iPhone 7', '6.5.6', 'zh_CN', 'iOS 10.0.1', 'https://wx.qlogo.cn/mmopen/vi_32/Q0j4TwGTfTJkuKWqx9v9fsgR0mfQRqgvuKyK2IejxPmo8cbMTSQFZyibibqxxKvME8cvnPk5UdQqpQRDoKLnBgTQ/0', '1001');
INSERT INTO `wx_login_info` VALUES ('5a8657bda539070fc662fc7f53fcff52579877c4', '文远', '200', '2018-01-19 17:19:15', '广东省深圳市福田区福强路3029号', '保存登录信息成功', 'devtools', 'iPhone 7', '6.5.6', 'zh_CN', 'iOS 10.0.1', 'https://wx.qlogo.cn/mmopen/vi_32/Q0j4TwGTfTJkuKWqx9v9fsgR0mfQRqgvuKyK2IejxPmo8cbMTSQFZyibibqxxKvME8cvnPk5UdQqpQRDoKLnBgTQ/0', '1001');
INSERT INTO `wx_login_info` VALUES ('5a8657bda539070fc662fc7f53fcff52579877c4', '文远', '200', '2018-01-19 17:19:17', '广东省深圳市福田区福强路3029号', '保存登录信息成功', 'devtools', 'iPhone 7', '6.5.6', 'zh_CN', 'iOS 10.0.1', 'https://wx.qlogo.cn/mmopen/vi_32/Q0j4TwGTfTJkuKWqx9v9fsgR0mfQRqgvuKyK2IejxPmo8cbMTSQFZyibibqxxKvME8cvnPk5UdQqpQRDoKLnBgTQ/0', '1001');
INSERT INTO `wx_login_info` VALUES ('5a8657bda539070fc662fc7f53fcff52579877c4', '文远', '200', '2018-01-19 17:19:53', '广东省深圳市福田区福强路3029号', '保存登录信息成功', 'devtools', 'iPhone 7', '6.5.6', 'zh_CN', 'iOS 10.0.1', 'https://wx.qlogo.cn/mmopen/vi_32/Q0j4TwGTfTJkuKWqx9v9fsgR0mfQRqgvuKyK2IejxPmo8cbMTSQFZyibibqxxKvME8cvnPk5UdQqpQRDoKLnBgTQ/0', '1001');
INSERT INTO `wx_login_info` VALUES ('5a8657bda539070fc662fc7f53fcff52579877c4', '文远', '200', '2018-01-19 17:19:57', '广东省深圳市福田区福强路3029号', '保存登录信息成功', 'devtools', 'iPhone 7', '6.5.6', 'zh_CN', 'iOS 10.0.1', 'https://wx.qlogo.cn/mmopen/vi_32/Q0j4TwGTfTJkuKWqx9v9fsgR0mfQRqgvuKyK2IejxPmo8cbMTSQFZyibibqxxKvME8cvnPk5UdQqpQRDoKLnBgTQ/0', '1001');
INSERT INTO `wx_login_info` VALUES ('5a8657bda539070fc662fc7f53fcff52579877c4', '文远', '200', '2018-01-19 17:20:15', '广东省深圳市福田区福强路3029号', '保存登录信息成功', 'devtools', 'iPhone 7', '6.5.6', 'zh_CN', 'iOS 10.0.1', 'https://wx.qlogo.cn/mmopen/vi_32/Q0j4TwGTfTJkuKWqx9v9fsgR0mfQRqgvuKyK2IejxPmo8cbMTSQFZyibibqxxKvME8cvnPk5UdQqpQRDoKLnBgTQ/0', '1001');
INSERT INTO `wx_login_info` VALUES ('5a8657bda539070fc662fc7f53fcff52579877c4', '文远', '200', '2018-01-19 17:20:48', '广东省深圳市福田区福强路3029号', '保存登录信息成功', 'devtools', 'iPhone 7', '6.5.6', 'zh_CN', 'iOS 10.0.1', 'https://wx.qlogo.cn/mmopen/vi_32/Q0j4TwGTfTJkuKWqx9v9fsgR0mfQRqgvuKyK2IejxPmo8cbMTSQFZyibibqxxKvME8cvnPk5UdQqpQRDoKLnBgTQ/0', '1001');
INSERT INTO `wx_login_info` VALUES ('5a8657bda539070fc662fc7f53fcff52579877c4', '文远', '200', '2018-01-19 17:20:51', '广东省深圳市福田区福强路3029号', '保存登录信息成功', 'devtools', 'iPhone 7', '6.5.6', 'zh_CN', 'iOS 10.0.1', 'https://wx.qlogo.cn/mmopen/vi_32/Q0j4TwGTfTJkuKWqx9v9fsgR0mfQRqgvuKyK2IejxPmo8cbMTSQFZyibibqxxKvME8cvnPk5UdQqpQRDoKLnBgTQ/0', '1001');
INSERT INTO `wx_login_info` VALUES ('cdcac0dfefc3f4aa329baceb6fa5df0cac7753ba', '文远', '200', '2018-01-19 17:55:23', '广东省深圳市福田区福强路3029号', '保存登录信息成功', 'devtools', 'iPhone 7', '6.5.6', 'zh_CN', 'iOS 10.0.1', 'https://wx.qlogo.cn/mmopen/vi_32/Q0j4TwGTfTJkuKWqx9v9fsgR0mfQRqgvuKyK2IejxPmo8cbMTSQFZyibibqxxKvME8cvnPk5UdQqpQRDoKLnBgTQ/0', '1001');
INSERT INTO `wx_login_info` VALUES ('cdcac0dfefc3f4aa329baceb6fa5df0cac7753ba', '文远', '200', '2018-01-19 17:59:59', '广东省深圳市福田区宏威路67号', '保存登录信息成功', 'iPhone', 'iPhone 6s<iPhone8,1>', '6.6.0', 'zh_CN', 'iOS 11.0.3', 'https://wx.qlogo.cn/mmopen/vi_32/Q0j4TwGTfTJkuKWqx9v9fsgR0mfQRqgvuKyK2IejxPmo8cbMTSQFZyibibqxxKvME8cvnPk5UdQqpQRDoKLnBgTQ/0', '1001');
INSERT INTO `wx_login_info` VALUES ('175a724e1f428efe81068949ec01bd2339ed270a', '西门吹牛', '200', '2018-01-19 18:00:32', '广东省深圳市福田区宏威路67', '保存登录信息成功', 'HUAWEI', 'HUAWEI MLA-AL10', '6.6.1', 'zh_CN', 'Android 7.0', 'https://wx.qlogo.cn/mmopen/vi_32/weUHcAcLGMofuJem100Set4tL3icISNjsJUJasPXtiatvkn8CS6Nqeia4oN7PMZD0DspuHjZdkFjGqZkzOnqCn3xA/0', '1001');
INSERT INTO `wx_login_info` VALUES ('54f47d38dbf030758cbc93a6890957ac39f39c31', '老林', '200', '2018-01-19 18:01:10', '广东省深圳市福田区宏威路67号', '保存登录信息成功', 'iPhone', 'iPhone 6<iPhone7,2>', '6.6.1', 'zh_CN', 'iOS 11.2.2', 'https://wx.qlogo.cn/mmopen/vi_32/5MPdIDKOAiackJEHWH6ZG9hnpqibHzZR9JxgjKrBRrmtMWcHtcH1DflErpoV42kib2HXrYicNS3IaCTIoJjnrf0fZg/0', '1001');
INSERT INTO `wx_login_info` VALUES ('cdcac0dfefc3f4aa329baceb6fa5df0cac7753ba', '文远', '200', '2018-01-19 18:27:02', '广东省深圳市福田区宏威路67', '保存登录信息成功', 'iPhone', 'iPhone 6s<iPhone8,1>', '6.6.0', 'zh_CN', 'iOS 11.0.3', 'https://wx.qlogo.cn/mmopen/vi_32/Q0j4TwGTfTJkuKWqx9v9fsgR0mfQRqgvuKyK2IejxPmo8cbMTSQFZyibibqxxKvME8cvnPk5UdQqpQRDoKLnBgTQ/0', '1001');
INSERT INTO `wx_login_info` VALUES ('2476bb5f541b30333418a53005d35a6086d21bd1', 'A.MS小玉¹⁵⁷¹⁰⁴⁶¹⁹⁰¹', '200', '2018-01-19 18:29:12', '广东省东莞市东莞市市辖区沿河东一路', '保存登录信息成功', 'OPPO', 'OPPO R11 Plus', '6.6.1', 'zh_CN', 'Android 7.1.1', 'https://wx.qlogo.cn/mmopen/vi_32/ouuic4cavauL3Bd0dejcj3khkF7kQ4BFh2jfXaMPueT5TFm4aD8bibr3lgbaJto2lev1Oj43DwtkueYffaUXyrpQ/0', '1089');
INSERT INTO `wx_login_info` VALUES ('cdcac0dfefc3f4aa329baceb6fa5df0cac7753ba', '文远', '200', '2018-01-19 18:31:10', '广东省深圳市福田区宏威路67', '保存登录信息成功', 'iPhone', 'iPhone 6s<iPhone8,1>', '6.6.0', 'zh_CN', 'iOS 11.0.3', 'https://wx.qlogo.cn/mmopen/vi_32/Q0j4TwGTfTJkuKWqx9v9fsgR0mfQRqgvuKyK2IejxPmo8cbMTSQFZyibibqxxKvME8cvnPk5UdQqpQRDoKLnBgTQ/0', '1001');
INSERT INTO `wx_login_info` VALUES ('cdcac0dfefc3f4aa329baceb6fa5df0cac7753ba', '文远', '200', '2018-01-19 18:40:10', '广东省深圳市福田区宏威路48号', '保存登录信息成功', 'iPhone', 'iPhone 6s<iPhone8,1>', '6.6.0', 'zh_CN', 'iOS 11.0.3', 'https://wx.qlogo.cn/mmopen/vi_32/Q0j4TwGTfTJkuKWqx9v9fsgR0mfQRqgvuKyK2IejxPmo8cbMTSQFZyibibqxxKvME8cvnPk5UdQqpQRDoKLnBgTQ/0', '1001');
INSERT INTO `wx_login_info` VALUES ('cdcac0dfefc3f4aa329baceb6fa5df0cac7753ba', '文远', '200', '2018-01-19 19:02:23', '广东省深圳市福田区碧桃路', '保存登录信息成功', 'iPhone', 'iPhone 6s<iPhone8,1>', '6.6.0', 'zh_CN', 'iOS 11.0.3', 'https://wx.qlogo.cn/mmopen/vi_32/Q0j4TwGTfTJkuKWqx9v9fsgR0mfQRqgvuKyK2IejxPmo8cbMTSQFZyibibqxxKvME8cvnPk5UdQqpQRDoKLnBgTQ/0', '1001');
INSERT INTO `wx_login_info` VALUES ('cdcac0dfefc3f4aa329baceb6fa5df0cac7753ba', '文远', '200', '2018-01-19 19:20:32', '广东省深圳市宝安区新区大道', '保存登录信息成功', 'iPhone', 'iPhone 6s<iPhone8,1>', '6.6.0', 'zh_CN', 'iOS 11.0.3', 'https://wx.qlogo.cn/mmopen/vi_32/Q0j4TwGTfTJkuKWqx9v9fsgR0mfQRqgvuKyK2IejxPmo8cbMTSQFZyibibqxxKvME8cvnPk5UdQqpQRDoKLnBgTQ/0', '1001');
INSERT INTO `wx_login_info` VALUES ('cdcac0dfefc3f4aa329baceb6fa5df0cac7753ba', '文远', '200', '2018-01-19 19:26:45', '广东省深圳市宝安区民乐路', '保存登录信息成功', 'iPhone', 'iPhone 6s<iPhone8,1>', '6.6.0', 'zh_CN', 'iOS 11.0.3', 'https://wx.qlogo.cn/mmopen/vi_32/Q0j4TwGTfTJkuKWqx9v9fsgR0mfQRqgvuKyK2IejxPmo8cbMTSQFZyibibqxxKvME8cvnPk5UdQqpQRDoKLnBgTQ/0', '1001');
INSERT INTO `wx_login_info` VALUES ('cdcac0dfefc3f4aa329baceb6fa5df0cac7753ba', '文远', '200', '2018-01-19 19:47:45', '广东省深圳市宝安区中裕冠路', '保存登录信息成功', 'iPhone', 'iPhone 6s<iPhone8,1>', '6.6.0', 'zh_CN', 'iOS 11.0.3', 'https://wx.qlogo.cn/mmopen/vi_32/Q0j4TwGTfTJkuKWqx9v9fsgR0mfQRqgvuKyK2IejxPmo8cbMTSQFZyibibqxxKvME8cvnPk5UdQqpQRDoKLnBgTQ/0', '1001');
INSERT INTO `wx_login_info` VALUES ('cdcac0dfefc3f4aa329baceb6fa5df0cac7753ba', '文远', '200', '2018-01-19 19:55:44', '广东省深圳市龙岗区龙翔大道7083', '保存登录信息成功', 'devtools', 'iPhone 7', '6.5.6', 'zh_CN', 'iOS 10.0.1', 'https://wx.qlogo.cn/mmopen/vi_32/Q0j4TwGTfTJkuKWqx9v9fsgR0mfQRqgvuKyK2IejxPmo8cbMTSQFZyibibqxxKvME8cvnPk5UdQqpQRDoKLnBgTQ/0', '1001');
INSERT INTO `wx_login_info` VALUES ('cdcac0dfefc3f4aa329baceb6fa5df0cac7753ba', '文远', '200', '2018-01-19 19:59:33', '广东省深圳市宝安区中裕冠路', '保存登录信息成功', 'iPhone', 'iPhone 6s<iPhone8,1>', '6.6.0', 'zh_CN', 'iOS 11.0.3', 'https://wx.qlogo.cn/mmopen/vi_32/Q0j4TwGTfTJkuKWqx9v9fsgR0mfQRqgvuKyK2IejxPmo8cbMTSQFZyibibqxxKvME8cvnPk5UdQqpQRDoKLnBgTQ/0', '1001');
INSERT INTO `wx_login_info` VALUES ('cdcac0dfefc3f4aa329baceb6fa5df0cac7753ba', '文远', '200', '2018-01-19 20:00:51', '广东省深圳市宝安区中裕冠路', '保存登录信息成功', 'iPhone', 'iPhone 6s<iPhone8,1>', '6.6.0', 'zh_CN', 'iOS 11.0.3', 'https://wx.qlogo.cn/mmopen/vi_32/Q0j4TwGTfTJkuKWqx9v9fsgR0mfQRqgvuKyK2IejxPmo8cbMTSQFZyibibqxxKvME8cvnPk5UdQqpQRDoKLnBgTQ/0', '1001');
INSERT INTO `wx_login_info` VALUES ('cdcac0dfefc3f4aa329baceb6fa5df0cac7753ba', '文远', '200', '2018-01-19 20:02:32', '广东省深圳市宝安区中裕冠路', '保存登录信息成功', 'iPhone', 'iPhone 6s<iPhone8,1>', '6.6.0', 'zh_CN', 'iOS 11.0.3', 'https://wx.qlogo.cn/mmopen/vi_32/Q0j4TwGTfTJkuKWqx9v9fsgR0mfQRqgvuKyK2IejxPmo8cbMTSQFZyibibqxxKvME8cvnPk5UdQqpQRDoKLnBgTQ/0', '1001');
INSERT INTO `wx_login_info` VALUES ('cdcac0dfefc3f4aa329baceb6fa5df0cac7753ba', '文远', '200', '2018-01-19 20:35:08', '广东省深圳市宝安区中裕冠路', '保存登录信息成功', 'iPhone', 'iPhone 6s<iPhone8,1>', '6.6.0', 'zh_CN', 'iOS 11.0.3', 'https://wx.qlogo.cn/mmopen/vi_32/Q0j4TwGTfTJkuKWqx9v9fsgR0mfQRqgvuKyK2IejxPmo8cbMTSQFZyibibqxxKvME8cvnPk5UdQqpQRDoKLnBgTQ/0', '1001');
INSERT INTO `wx_login_info` VALUES ('cdcac0dfefc3f4aa329baceb6fa5df0cac7753ba', '文远', '200', '2018-01-19 20:35:40', '广东省深圳市宝安区中裕冠路', '保存登录信息成功', 'iPhone', 'iPhone 6s<iPhone8,1>', '6.6.0', 'zh_CN', 'iOS 11.0.3', 'https://wx.qlogo.cn/mmopen/vi_32/Q0j4TwGTfTJkuKWqx9v9fsgR0mfQRqgvuKyK2IejxPmo8cbMTSQFZyibibqxxKvME8cvnPk5UdQqpQRDoKLnBgTQ/0', '1001');
INSERT INTO `wx_login_info` VALUES ('724ac5f5e38b3d26f521dd8f0301b3178ed2724a', '薛攀', '200', '2018-01-19 20:36:17', '广东省惠州市惠阳区X206(石富路)', '保存登录信息成功', 'iPhone', 'iPhone 7<iPhone9,1>', '6.6.1', 'zh_CN', 'iOS 11.2.2', 'https://wx.qlogo.cn/mmopen/vi_32/uHskAsnK1e3B4yf3BJ0yAFApFR6qNVZVRjOAwqdGXU2ibHsSwnIrT6iambtCvRYJG6Ticicv3PSaJfOicuh4u7ZUibQQ/0', '1007');
INSERT INTO `wx_login_info` VALUES ('cdcac0dfefc3f4aa329baceb6fa5df0cac7753ba', '文远', '200', '2018-01-19 20:36:41', '广东省深圳市宝安区中裕冠路', '保存登录信息成功', 'iPhone', 'iPhone 6s<iPhone8,1>', '6.6.0', 'zh_CN', 'iOS 11.0.3', 'https://wx.qlogo.cn/mmopen/vi_32/Q0j4TwGTfTJkuKWqx9v9fsgR0mfQRqgvuKyK2IejxPmo8cbMTSQFZyibibqxxKvME8cvnPk5UdQqpQRDoKLnBgTQ/0', '1001');
INSERT INTO `wx_login_info` VALUES ('cdcac0dfefc3f4aa329baceb6fa5df0cac7753ba', '文远', '200', '2018-01-19 21:50:00', '广东省深圳市宝安区中裕冠路', '保存登录信息成功', 'iPhone', 'iPhone 6s<iPhone8,1>', '6.6.0', 'zh_CN', 'iOS 11.0.3', 'https://wx.qlogo.cn/mmopen/vi_32/Q0j4TwGTfTJkuKWqx9v9fsgR0mfQRqgvuKyK2IejxPmo8cbMTSQFZyibibqxxKvME8cvnPk5UdQqpQRDoKLnBgTQ/0', '1001');
INSERT INTO `wx_login_info` VALUES ('cdcac0dfefc3f4aa329baceb6fa5df0cac7753ba', '文远', '200', '2018-01-20 10:48:51', '广东省深圳市宝安区中裕冠路', '保存登录信息成功', 'iPhone', 'iPhone 6s<iPhone8,1>', '6.6.0', 'zh_CN', 'iOS 11.0.3', 'https://wx.qlogo.cn/mmopen/vi_32/Q0j4TwGTfTJkuKWqx9v9fsgR0mfQRqgvuKyK2IejxPmo8cbMTSQFZyibibqxxKvME8cvnPk5UdQqpQRDoKLnBgTQ/0', '1001');
INSERT INTO `wx_login_info` VALUES ('724ac5f5e38b3d26f521dd8f0301b3178ed2724a', '薛攀', '200', '2018-01-20 11:58:24', '广东省惠州市惠阳区龙山六路', '保存登录信息成功', 'iPhone', 'iPhone 7<iPhone9,1>', '6.6.1', 'zh_CN', 'iOS 11.2.2', 'https://wx.qlogo.cn/mmopen/vi_32/uHskAsnK1e3B4yf3BJ0yAFApFR6qNVZVRjOAwqdGXU2ibHsSwnIrT6iambtCvRYJG6Ticicv3PSaJfOicuh4u7ZUibQQ/0', '1007');
INSERT INTO `wx_login_info` VALUES ('cdcac0dfefc3f4aa329baceb6fa5df0cac7753ba', '文远', '200', '2018-01-20 19:42:24', '广东省深圳市宝安区中裕冠路', '保存登录信息成功', 'iPhone', 'iPhone 6s<iPhone8,1>', '6.6.0', 'zh_CN', 'iOS 11.0.3', 'https://wx.qlogo.cn/mmopen/vi_32/Q0j4TwGTfTJkuKWqx9v9fsgR0mfQRqgvuKyK2IejxPmo8cbMTSQFZyibibqxxKvME8cvnPk5UdQqpQRDoKLnBgTQ/0', '1001');
INSERT INTO `wx_login_info` VALUES ('2476bb5f541b30333418a53005d35a6086d21bd1', 'A.MS小玉¹⁵⁷¹⁰⁴⁶¹⁹⁰¹', '200', '2018-01-21 08:17:26', '广东省东莞市东莞市市辖区湖龙路', '保存登录信息成功', 'OPPO', 'OPPO R11 Plus', '6.6.1', 'zh_CN', 'Android 7.1.1', 'https://wx.qlogo.cn/mmopen/vi_32/ouuic4cavauL3Bd0dejcj3khkF7kQ4BFh2jfXaMPueT5TFm4aD8bibr3lgbaJto2lev1Oj43DwtkueYffaUXyrpQ/0', '1089');
INSERT INTO `wx_login_info` VALUES ('cdcac0dfefc3f4aa329baceb6fa5df0cac7753ba', '文远', '200', '2018-01-22 19:58:18', '广东省深圳市宝安区中裕冠路', '保存登录信息成功', 'iPhone', 'iPhone 6s<iPhone8,1>', '6.6.0', 'zh_CN', 'iOS 11.0.3', 'https://wx.qlogo.cn/mmopen/vi_32/Q0j4TwGTfTJkuKWqx9v9fsgR0mfQRqgvuKyK2IejxPmo8cbMTSQFZyibibqxxKvME8cvnPk5UdQqpQRDoKLnBgTQ/0', '1001');
INSERT INTO `wx_login_info` VALUES ('cdcac0dfefc3f4aa329baceb6fa5df0cac7753ba', '文远', '200', '2018-01-23 15:37:56', '广东省深圳市福田区深南大道辅路', '保存登录信息成功', 'iPhone', 'iPhone 6s<iPhone8,1>', '6.6.0', 'zh_CN', 'iOS 11.0.3', 'https://wx.qlogo.cn/mmopen/vi_32/Q0j4TwGTfTJkuKWqx9v9fsgR0mfQRqgvuKyK2IejxPmo8cbMTSQFZyibibqxxKvME8cvnPk5UdQqpQRDoKLnBgTQ/0', '1022');
INSERT INTO `wx_login_info` VALUES ('2476bb5f541b30333418a53005d35a6086d21bd1', 'A.MS小玉¹⁵⁷¹⁰⁴⁶¹⁹⁰¹', '200', '2018-01-24 02:44:26', '广东省东莞市东莞市市辖区振兴大道十七巷', '保存登录信息成功', 'OPPO', 'OPPO R11 Plus', '6.6.1', 'zh_CN', 'Android 7.1.1', 'https://wx.qlogo.cn/mmopen/vi_32/ouuic4cavauL3Bd0dejcj3khkF7kQ4BFh2jfXaMPueT5TFm4aD8bibr3lgbaJto2lev1Oj43DwtkueYffaUXyrpQ/0', '1089');
INSERT INTO `wx_login_info` VALUES ('cdcac0dfefc3f4aa329baceb6fa5df0cac7753ba', '文远', '200', '2018-01-24 20:11:45', '广东省深圳市宝安区中裕冠路', '保存登录信息成功', 'iPhone', 'iPhone 6s<iPhone8,1>', '6.6.0', 'zh_CN', 'iOS 11.0.3', 'https://wx.qlogo.cn/mmopen/vi_32/Q0j4TwGTfTJkuKWqx9v9fsgR0mfQRqgvuKyK2IejxPmo8cbMTSQFZyibibqxxKvME8cvnPk5UdQqpQRDoKLnBgTQ/0', '1001');

-- ----------------------------
-- Table structure for wx_user_info
-- ----------------------------
DROP TABLE IF EXISTS `wx_user_info`;
CREATE TABLE `wx_user_info` (
  `nickName` varchar(50) DEFAULT NULL COMMENT '微信昵称',
  `avatarUrl` varchar(200) DEFAULT NULL COMMENT '头像地址',
  `gender` varchar(5) DEFAULT NULL COMMENT '性别 (1 男 0 女)',
  `province` varchar(25) DEFAULT NULL COMMENT '省份',
  `city` varchar(25) DEFAULT NULL COMMENT '城市',
  `country` varchar(25) DEFAULT NULL COMMENT '国家',
  `signature` varchar(255) NOT NULL COMMENT '微信唯一码',
  `createTime` datetime DEFAULT NULL COMMENT '创建时间',
  PRIMARY KEY (`signature`)
) ENGINE=InnoDB DEFAULT CHARSET=utf8;

-- ----------------------------
-- Records of wx_user_info
-- ----------------------------
INSERT INTO `wx_user_info` VALUES ('文远', 'https://wx.qlogo.cn/mmopen/vi_32/Q0j4TwGTfTJkuKWqx9v9fsgR0mfQRqgvuKyK2IejxPmo8cbMTSQFZyibibqxxKvME8cvnPk5UdQqpQRDoKLnBgTQ/0', '1', 'Guangdong', 'Shenzhen', 'China', '02aed42e821de3e2abbbf02be1a7d2e9b8e274c1', '2018-01-19 14:50:44');
INSERT INTO `wx_user_info` VALUES ('文远', 'https://wx.qlogo.cn/mmopen/vi_32/Q0j4TwGTfTJkuKWqx9v9fsgR0mfQRqgvuKyK2IejxPmo8cbMTSQFZyibibqxxKvME8cvnPk5UdQqpQRDoKLnBgTQ/0', '1', 'Guangdong', 'Shenzhen', 'China', '0ecdea888e383832d9812bd59f5db4f5e31a3f8e', '2018-01-19 16:56:33');
INSERT INTO `wx_user_info` VALUES ('西门吹牛', 'https://wx.qlogo.cn/mmopen/vi_32/weUHcAcLGMofuJem100Set4tL3icISNjsJUJasPXtiatvkn8CS6Nqeia4oN7PMZD0DspuHjZdkFjGqZkzOnqCn3xA/0', '1', 'Guangdong', 'Shenzhen', 'China', '175a724e1f428efe81068949ec01bd2339ed270a', '2018-01-19 14:51:59');
INSERT INTO `wx_user_info` VALUES ('A.MS小玉¹⁵⁷¹⁰⁴⁶¹⁹⁰¹', 'https://wx.qlogo.cn/mmopen/vi_32/ouuic4cavauL3Bd0dejcj3khkF7kQ4BFh2jfXaMPueT5TFm4aD8bibr3lgbaJto2lev1Oj43DwtkueYffaUXyrpQ/0', '2', 'Guangdong', 'Foshan', 'China', '2476bb5f541b30333418a53005d35a6086d21bd1', '2018-01-19 15:40:57');
INSERT INTO `wx_user_info` VALUES ('老林', 'https://wx.qlogo.cn/mmopen/vi_32/5MPdIDKOAiackJEHWH6ZG9hnpqibHzZR9JxgjKrBRrmtMWcHtcH1DflErpoV42kib2HXrYicNS3IaCTIoJjnrf0fZg/0', '1', 'Guangdong', 'Guangzhou', 'China', '54f47d38dbf030758cbc93a6890957ac39f39c31', '2018-01-19 14:51:18');
INSERT INTO `wx_user_info` VALUES ('文远', 'https://wx.qlogo.cn/mmopen/vi_32/Q0j4TwGTfTJkuKWqx9v9fsgR0mfQRqgvuKyK2IejxPmo8cbMTSQFZyibibqxxKvME8cvnPk5UdQqpQRDoKLnBgTQ/0', '1', 'Guangdong', 'Shenzhen', 'China', '5a8657bda539070fc662fc7f53fcff52579877c4', '2018-01-19 17:00:06');
INSERT INTO `wx_user_info` VALUES ('文远', 'https://wx.qlogo.cn/mmopen/vi_32/Q0j4TwGTfTJkuKWqx9v9fsgR0mfQRqgvuKyK2IejxPmo8cbMTSQFZyibibqxxKvME8cvnPk5UdQqpQRDoKLnBgTQ/0', '1', 'Guangdong', 'Shenzhen', 'China', '6dda357ef51d843dc954f4f648ed23ca93984be9', '2018-01-19 16:46:35');
INSERT INTO `wx_user_info` VALUES ('薛攀', 'https://wx.qlogo.cn/mmopen/vi_32/uHskAsnK1e3B4yf3BJ0yAFApFR6qNVZVRjOAwqdGXU2ibHsSwnIrT6iambtCvRYJG6Ticicv3PSaJfOicuh4u7ZUibQQ/0', '1', 'Guangdong', 'Huizhou', 'China', '724ac5f5e38b3d26f521dd8f0301b3178ed2724a', '2018-01-19 20:36:16');
INSERT INTO `wx_user_info` VALUES ('文远', 'https://wx.qlogo.cn/mmopen/vi_32/Q0j4TwGTfTJkuKWqx9v9fsgR0mfQRqgvuKyK2IejxPmo8cbMTSQFZyibibqxxKvME8cvnPk5UdQqpQRDoKLnBgTQ/0', '1', 'Guangdong', 'Shenzhen', 'China', 'cdcac0dfefc3f4aa329baceb6fa5df0cac7753ba', '2018-01-19 17:55:23');
